indice_interno,base,clase,archivo,segundos_extraccion_clasica
0,SNR_-8db,N,New_N_001.wav,0.0019113000016659498
1,SNR_-8db,N,New_N_002.wav,0.0015632000286132097
2,SNR_-8db,N,New_N_003.wav,0.0014402000233530998
3,SNR_-8db,N,New_N_004.wav,0.0014399999054148793
4,SNR_-8db,N,New_N_005.wav,0.0014028000878170133
5,SNR_-8db,N,New_N_006.wav,0.001357500092126429
6,SNR_-8db,N,New_N_007.wav,0.0012714999029412866
7,SNR_-8db,N,New_N_008.wav,0.0013473000144585967
8,SNR_-8db,N,New_N_009.wav,0.0013354000402614474
9,SNR_-8db,N,New_N_010.wav,0.0018415999365970492
10,SNR_-8db,N,New_N_011.wav,0.0018142999615520239
11,SNR_-8db,N,New_N_012.wav,0.0014673999976366758
12,SNR_-8db,N,New_N_013.wav,0.001313099986873567
13,SNR_-8db,N,New_N_014.wav,0.0012885000323876739
14,SNR_-8db,N,New_N_015.wav,0.0012616999447345734
15,SNR_-8db,N,New_N_016.wav,0.0013090000720694661
16,SNR_-8db,N,New_N_017.wav,0.001283199992030859
17,SNR_-8db,N,New_N_018.wav,0.0012724000262096524
18,SNR_-8db,N,New_N_019.wav,0.0012499999720603228
19,SNR_-8db,N,New_N_020.wav,0.0012658999767154455
20,SNR_-8db,N,New_N_021.wav,0.0013123999815434217
21,SNR_-8db,N,New_N_022.wav,0.001676600077189505
22,SNR_-8db,N,New_N_023.wav,0.0018173999851569533
23,SNR_-8db,N,New_N_024.wav,0.0016416000435128808
24,SNR_-8db,N,New_N_025.wav,0.0014457999495789409
25,SNR_-8db,N,New_N_026.wav,0.0013109000865370035
26,SNR_-8db,N,New_N_027.wav,0.0014774000737816095
27,SNR_-8db,N,New_N_028.wav,0.0013853999553248286
28,SNR_-8db,N,New_N_029.wav,0.0015820999396964908
29,SNR_-8db,N,New_N_030.wav,0.0015154000138863921
30,SNR_-8db,N,New_N_031.wav,0.0012552000116556883
31,SNR_-8db,N,New_N_032.wav,0.001294399960897863
32,SNR_-8db,N,New_N_033.wav,0.0013081999495625496
33,SNR_-8db,N,New_N_034.wav,0.0019539000932127237
34,SNR_-8db,N,New_N_035.wav,0.001797800068743527
35,SNR_-8db,N,New_N_036.wav,0.0015969999367371202
36,SNR_-8db,N,New_N_037.wav,0.0021201999625191092
37,SNR_-8db,N,New_N_038.wav,0.0015079000731930137
38,SNR_-8db,N,New_N_039.wav,0.0014529000036418438
39,SNR_-8db,N,New_N_040.wav,0.0014431000454351306
40,SNR_-8db,N,New_N_041.wav,0.0013266999740153551
41,SNR_-8db,N,New_N_042.wav,0.0016792999813333154
42,SNR_-8db,N,New_N_043.wav,0.0014812999870628119
43,SNR_-8db,N,New_N_044.wav,0.001962500042282045
44,SNR_-8db,N,New_N_045.wav,0.002088200068101287
45,SNR_-8db,N,New_N_046.wav,0.0015337999211624265
46,SNR_-8db,N,New_N_047.wav,0.0015317000215873122
47,SNR_-8db,N,New_N_048.wav,0.0014054999919608235
48,SNR_-8db,N,New_N_049.wav,0.0014555000234395266
49,SNR_-8db,N,New_N_050.wav,0.0013730000937357545
50,SNR_-8db,N,New_N_051.wav,0.0012916999403387308
51,SNR_-8db,N,New_N_052.wav,0.001505899941548705
52,SNR_-8db,N,New_N_053.wav,0.0012526999926194549
53,SNR_-8db,N,New_N_054.wav,0.0014934000791981816
54,SNR_-8db,N,New_N_055.wav,0.0027458000695332885
55,SNR_-8db,N,New_N_056.wav,0.0017671999521553516
56,SNR_-8db,N,New_N_057.wav,0.001572699984535575
57,SNR_-8db,N,New_N_058.wav,0.0014951999764889479
58,SNR_-8db,N,New_N_059.wav,0.0013555999612435699
59,SNR_-8db,N,New_N_060.wav,0.0014356999890878797
60,SNR_-8db,N,New_N_061.wav,0.0015505000483244658
61,SNR_-8db,N,New_N_062.wav,0.0014010999584570527
62,SNR_-8db,N,New_N_063.wav,0.0014108000323176384
63,SNR_-8db,N,New_N_064.wav,0.002142299897968769
64,SNR_-8db,N,New_N_065.wav,0.002110400004312396
65,SNR_-8db,N,New_N_066.wav,0.002290799980983138
66,SNR_-8db,N,New_N_067.wav,0.0017676999559625983
67,SNR_-8db,N,New_N_068.wav,0.001470400020480156
68,SNR_-8db,N,New_N_069.wav,0.0014263000339269638
69,SNR_-8db,N,New_N_070.wav,0.001660000067204237
70,SNR_-8db,N,New_N_071.wav,0.0014421999221667647
71,SNR_-8db,N,New_N_072.wav,0.0015114000998437405
72,SNR_-8db,N,New_N_073.wav,0.0014519999967887998
73,SNR_-8db,N,New_N_074.wav,0.001548200030811131
74,SNR_-8db,N,New_N_075.wav,0.002244099974632263
75,SNR_-8db,N,New_N_076.wav,0.0017878999933600426
76,SNR_-8db,N,New_N_077.wav,0.001485800021328032
77,SNR_-8db,N,New_N_078.wav,0.001667599892243743
78,SNR_-8db,N,New_N_079.wav,0.0018180999904870987
79,SNR_-8db,N,New_N_080.wav,0.0018073000246658921
80,SNR_-8db,N,New_N_081.wav,0.001538099953904748
81,SNR_-8db,N,New_N_082.wav,0.001369300065562129
82,SNR_-8db,N,New_N_083.wav,0.0015184000367298722
83,SNR_-8db,N,New_N_084.wav,0.0014727000379934907
84,SNR_-8db,N,New_N_085.wav,0.0023244000039994717
85,SNR_-8db,N,New_N_086.wav,0.0016151000745594501
86,SNR_-8db,N,New_N_087.wav,0.0015742999967187643
87,SNR_-8db,N,New_N_088.wav,0.0014198999851942062
88,SNR_-8db,N,New_N_089.wav,0.0013256000820547342
89,SNR_-8db,N,New_N_090.wav,0.0012865999015048146
90,SNR_-8db,N,New_N_091.wav,0.0014582000439986587
91,SNR_-8db,N,New_N_092.wav,0.001310099964030087
92,SNR_-8db,N,New_N_093.wav,0.0015557999722659588
93,SNR_-8db,N,New_N_094.wav,0.0013927000109106302
94,SNR_-8db,N,New_N_095.wav,0.0017325000371783972
95,SNR_-8db,N,New_N_096.wav,0.0018304999684914947
96,SNR_-8db,N,New_N_097.wav,0.001792999915778637
97,SNR_-8db,N,New_N_098.wav,0.00137489999178797
98,SNR_-8db,N,New_N_099.wav,0.0015659000491723418
99,SNR_-8db,N,New_N_100.wav,0.001375499996356666
100,SNR_-8db,N,New_N_101.wav,0.001553199952468276
101,SNR_-8db,N,New_N_102.wav,0.0013635000213980675
102,SNR_-8db,N,New_N_103.wav,0.0016136999474838376
103,SNR_-8db,N,New_N_104.wav,0.0013296999968588352
104,SNR_-8db,N,New_N_105.wav,0.0015333000337705016
105,SNR_-8db,N,New_N_106.wav,0.0019311000360175967
106,SNR_-8db,N,New_N_107.wav,0.0018167999805882573
107,SNR_-8db,N,New_N_108.wav,0.0015969000523909926
108,SNR_-8db,N,New_N_109.wav,0.0015259000938385725
109,SNR_-8db,N,New_N_110.wav,0.0015402000863105059
110,SNR_-8db,N,New_N_111.wav,0.0014687998918816447
111,SNR_-8db,N,New_N_112.wav,0.0014755000593140721
112,SNR_-8db,N,New_N_113.wav,0.0013992999447509646
113,SNR_-8db,N,New_N_114.wav,0.0015542999608442187
114,SNR_-8db,N,New_N_115.wav,0.0013236000668257475
115,SNR_-8db,N,New_N_116.wav,0.0015276999911293387
116,SNR_-8db,N,New_N_117.wav,0.0020493000047281384
117,SNR_-8db,N,New_N_118.wav,0.0017428999999538064
118,SNR_-8db,N,New_N_119.wav,0.0014043999835848808
119,SNR_-8db,N,New_N_120.wav,0.0014905000571161509
120,SNR_-8db,N,New_N_121.wav,0.001489899936132133
121,SNR_-8db,N,New_N_122.wav,0.001521900063380599
122,SNR_-8db,N,New_N_123.wav,0.001424499903805554
123,SNR_-8db,N,New_N_124.wav,0.001421900000423193
124,SNR_-8db,N,New_N_125.wav,0.0014619000721722841
125,SNR_-8db,N,New_N_126.wav,0.0014683000044897199
126,SNR_-8db,N,New_N_127.wav,0.0016014000866562128
127,SNR_-8db,N,New_N_128.wav,0.002145900041796267
128,SNR_-8db,N,New_N_129.wav,0.0018566999351605773
129,SNR_-8db,N,New_N_130.wav,0.0015159000176936388
130,SNR_-8db,N,New_N_131.wav,0.0015038000419735909
131,SNR_-8db,N,New_N_132.wav,0.001474000047892332
132,SNR_-8db,N,New_N_133.wav,0.0016598999500274658
133,SNR_-8db,N,New_N_134.wav,0.0017322000348940492
134,SNR_-8db,N,New_N_135.wav,0.0015860999701544642
135,SNR_-8db,N,New_N_136.wav,0.0015122999902814627
136,SNR_-8db,N,New_N_137.wav,0.0015454000094905496
137,SNR_-8db,N,New_N_138.wav,0.0020895999623462558
138,SNR_-8db,N,New_N_139.wav,0.0018769999733194709
139,SNR_-8db,N,New_N_140.wav,0.0015494999242946506
140,SNR_-8db,N,New_N_141.wav,0.0015659000491723418
141,SNR_-8db,N,New_N_142.wav,0.0016938999760895967
142,SNR_-8db,N,New_N_143.wav,0.0019375999690964818
143,SNR_-8db,N,New_N_144.wav,0.001490799942985177
144,SNR_-8db,N,New_N_145.wav,0.0014495000941678882
145,SNR_-8db,N,New_N_146.wav,0.0014575000386685133
146,SNR_-8db,N,New_N_147.wav,0.0016569000435993075
147,SNR_-8db,N,New_N_148.wav,0.002231399994343519
148,SNR_-8db,N,New_N_149.wav,0.0017068000743165612
149,SNR_-8db,N,New_N_150.wav,0.0015246000839397311
150,SNR_-8db,N,New_N_151.wav,0.0014317999593913555
151,SNR_-8db,N,New_N_152.wav,0.0014791999710723758
152,SNR_-8db,N,New_N_153.wav,0.0014541000127792358
153,SNR_-8db,N,New_N_154.wav,0.0013267999747768044
154,SNR_-8db,N,New_N_155.wav,0.00135709997266531
155,SNR_-8db,N,New_N_156.wav,0.00132170005235821
156,SNR_-8db,N,New_N_157.wav,0.0013052000431343913
157,SNR_-8db,N,New_N_158.wav,0.0020189000060781837
158,SNR_-8db,N,New_N_159.wav,0.0021758999209851027
159,SNR_-8db,N,New_N_160.wav,0.0015577999874949455
160,SNR_-8db,N,New_N_161.wav,0.0014543000143021345
161,SNR_-8db,N,New_N_162.wav,0.001487300032749772
162,SNR_-8db,N,New_N_163.wav,0.0015448000049218535
163,SNR_-8db,N,New_N_164.wav,0.0013997000642120838
164,SNR_-8db,N,New_N_165.wav,0.0014136999379843473
165,SNR_-8db,N,New_N_166.wav,0.0013682000571861863
166,SNR_-8db,N,New_N_167.wav,0.0013617000076919794
167,SNR_-8db,N,New_N_168.wav,0.0013732000952586532
168,SNR_-8db,N,New_N_169.wav,0.001837999909184873
169,SNR_-8db,N,New_N_170.wav,0.0018007999751716852
170,SNR_-8db,N,New_N_171.wav,0.001589299994520843
171,SNR_-8db,N,New_N_172.wav,0.0014042999828234315
172,SNR_-8db,N,New_N_173.wav,0.0015321000246331096
173,SNR_-8db,N,New_N_174.wav,0.0015790000325068831
174,SNR_-8db,N,New_N_175.wav,0.0015869000926613808
175,SNR_-8db,N,New_N_176.wav,0.0014640999725088477
176,SNR_-8db,N,New_N_177.wav,0.001487499917857349
177,SNR_-8db,N,New_N_178.wav,0.0015138000017032027
178,SNR_-8db,N,New_N_179.wav,0.0014760000631213188
179,SNR_-8db,N,New_N_180.wav,0.001954300096258521
180,SNR_-8db,N,New_N_181.wav,0.0017772000283002853
181,SNR_-8db,N,New_N_182.wav,0.0016305999597534537
182,SNR_-8db,N,New_N_183.wav,0.001895699999295175
183,SNR_-8db,N,New_N_184.wav,0.0016277000540867448
184,SNR_-8db,N,New_N_185.wav,0.0015875999815762043
185,SNR_-8db,N,New_N_186.wav,0.0017229999648407102
186,SNR_-8db,N,New_N_187.wav,0.0015506999334320426
187,SNR_-8db,N,New_N_188.wav,0.001521600061096251
188,SNR_-8db,N,New_N_189.wav,0.0014758999459445477
189,SNR_-8db,N,New_N_190.wav,0.0023378999903798103
190,SNR_-8db,N,New_N_191.wav,0.0018476999830454588
191,SNR_-8db,N,New_N_192.wav,0.0016452999552711844
192,SNR_-8db,N,New_N_193.wav,0.0016086000250652432
193,SNR_-8db,N,New_N_194.wav,0.0015708999708294868
194,SNR_-8db,N,New_N_195.wav,0.001489899936132133
195,SNR_-8db,N,New_N_196.wav,0.001519200042821467
196,SNR_-8db,N,New_N_197.wav,0.001538399956189096
197,SNR_-8db,N,New_N_198.wav,0.0014683000044897199
198,SNR_-8db,N,New_N_199.wav,0.001514800009317696
199,SNR_-8db,N,New_N_200.wav,0.00237479992210865
200,SNR_-8db,AS,New_AS_001.wav,0.0021164000499993563
201,SNR_-8db,AS,New_AS_002.wav,0.001610000035725534
202,SNR_-8db,AS,New_AS_003.wav,0.0016589999431744218
203,SNR_-8db,AS,New_AS_004.wav,0.001602899981662631
204,SNR_-8db,AS,New_AS_005.wav,0.0016057000029832125
205,SNR_-8db,AS,New_AS_006.wav,0.0015282999956980348
206,SNR_-8db,AS,New_AS_007.wav,0.0014856000198051333
207,SNR_-8db,AS,New_AS_008.wav,0.0014732999261468649
208,SNR_-8db,AS,New_AS_009.wav,0.0017065000720322132
209,SNR_-8db,AS,New_AS_010.wav,0.0020012001041322947
210,SNR_-8db,AS,New_AS_011.wav,0.0019920000340789557
211,SNR_-8db,AS,New_AS_012.wav,0.0015885999891906977
212,SNR_-8db,AS,New_AS_013.wav,0.001913700019940734
213,SNR_-8db,AS,New_AS_014.wav,0.0017153999069705606
214,SNR_-8db,AS,New_AS_015.wav,0.001647600089199841
215,SNR_-8db,AS,New_AS_016.wav,0.0016039999900385737
216,SNR_-8db,AS,New_AS_017.wav,0.001713800011202693
217,SNR_-8db,AS,New_AS_018.wav,0.0021380999824032187
218,SNR_-8db,AS,New_AS_019.wav,0.0023607000475749373
219,SNR_-8db,AS,New_AS_020.wav,0.0018520000157877803
220,SNR_-8db,AS,New_AS_021.wav,0.0016577000496909022
221,SNR_-8db,AS,New_AS_022.wav,0.0015418999828398228
222,SNR_-8db,AS,New_AS_023.wav,0.0016494999872520566
223,SNR_-8db,AS,New_AS_024.wav,0.0017363999504595995
224,SNR_-8db,AS,New_AS_025.wav,0.0017021000385284424
225,SNR_-8db,AS,New_AS_026.wav,0.0015203000511974096
226,SNR_-8db,AS,New_AS_027.wav,0.0015695999609306455
227,SNR_-8db,AS,New_AS_028.wav,0.0021442000288516283
228,SNR_-8db,AS,New_AS_029.wav,0.002082199905999005
229,SNR_-8db,AS,New_AS_030.wav,0.0016941999783739448
230,SNR_-8db,AS,New_AS_031.wav,0.001623600022867322
231,SNR_-8db,AS,New_AS_032.wav,0.002131100045517087
232,SNR_-8db,AS,New_AS_033.wav,0.0014530000044032931
233,SNR_-8db,AS,New_AS_034.wav,0.001526299980469048
234,SNR_-8db,AS,New_AS_035.wav,0.0014481000835075974
235,SNR_-8db,AS,New_AS_036.wav,0.0014985998859629035
236,SNR_-8db,AS,New_AS_037.wav,0.001574800000526011
237,SNR_-8db,AS,New_AS_038.wav,0.0019917000317946076
238,SNR_-8db,AS,New_AS_039.wav,0.002024599933065474
239,SNR_-8db,AS,New_AS_040.wav,0.0015652000438421965
240,SNR_-8db,AS,New_AS_041.wav,0.00151269999332726
241,SNR_-8db,AS,New_AS_042.wav,0.0018282999517396092
242,SNR_-8db,AS,New_AS_043.wav,0.001719099935144186
243,SNR_-8db,AS,New_AS_044.wav,0.0015436999965459108
244,SNR_-8db,AS,New_AS_045.wav,0.0014660999877378345
245,SNR_-8db,AS,New_AS_046.wav,0.0014497999800369143
246,SNR_-8db,AS,New_AS_047.wav,0.0014835000038146973
247,SNR_-8db,AS,New_AS_048.wav,0.002754500019364059
248,SNR_-8db,AS,New_AS_049.wav,0.0021433000219985843
249,SNR_-8db,AS,New_AS_050.wav,0.0018524000188335776
250,SNR_-8db,AS,New_AS_051.wav,0.0017013000324368477
251,SNR_-8db,AS,New_AS_052.wav,0.001601399970240891
252,SNR_-8db,AS,New_AS_053.wav,0.00163870002143085
253,SNR_-8db,AS,New_AS_054.wav,0.0017055000644177198
254,SNR_-8db,AS,New_AS_055.wav,0.0017354999436065555
255,SNR_-8db,AS,New_AS_056.wav,0.002105599967762828
256,SNR_-8db,AS,New_AS_057.wav,0.002696200041100383
257,SNR_-8db,AS,New_AS_058.wav,0.0022204999113455415
258,SNR_-8db,AS,New_AS_059.wav,0.0017084999708458781
259,SNR_-8db,AS,New_AS_060.wav,0.0017491000471636653
260,SNR_-8db,AS,New_AS_061.wav,0.0018527000211179256
261,SNR_-8db,AS,New_AS_062.wav,0.001930300029926002
262,SNR_-8db,AS,New_AS_063.wav,0.0017601000145077705
263,SNR_-8db,AS,New_AS_064.wav,0.0018532999092712998
264,SNR_-8db,AS,New_AS_065.wav,0.0021389999892562628
265,SNR_-8db,AS,New_AS_066.wav,0.0024063000455498695
266,SNR_-8db,AS,New_AS_067.wav,0.0018483999883756042
267,SNR_-8db,AS,New_AS_068.wav,0.0017767999088391662
268,SNR_-8db,AS,New_AS_069.wav,0.001676600077189505
269,SNR_-8db,AS,New_AS_070.wav,0.0016761000733822584
270,SNR_-8db,AS,New_AS_071.wav,0.0016477999743074179
271,SNR_-8db,AS,New_AS_072.wav,0.001654899911954999
272,SNR_-8db,AS,New_AS_073.wav,0.0017163000302389264
273,SNR_-8db,AS,New_AS_074.wav,0.0022260999539867043
274,SNR_-8db,AS,New_AS_075.wav,0.002393200062215328
275,SNR_-8db,AS,New_AS_076.wav,0.0018952999962493777
276,SNR_-8db,AS,New_AS_077.wav,0.0019099999917671084
277,SNR_-8db,AS,New_AS_078.wav,0.0019000000320374966
278,SNR_-8db,AS,New_AS_079.wav,0.0019235999789088964
279,SNR_-8db,AS,New_AS_080.wav,0.002087899949401617
280,SNR_-8db,AS,New_AS_081.wav,0.0016530000139027834
281,SNR_-8db,AS,New_AS_082.wav,0.0016793999820947647
282,SNR_-8db,AS,New_AS_083.wav,0.002156200003810227
283,SNR_-8db,AS,New_AS_084.wav,0.0020729999523609877
284,SNR_-8db,AS,New_AS_085.wav,0.001627699937671423
285,SNR_-8db,AS,New_AS_086.wav,0.0017618000274524093
286,SNR_-8db,AS,New_AS_087.wav,0.001966399955563247
287,SNR_-8db,AS,New_AS_088.wav,0.001855200040154159
288,SNR_-8db,AS,New_AS_089.wav,0.0018353998893871903
289,SNR_-8db,AS,New_AS_090.wav,0.0020309999817982316
290,SNR_-8db,AS,New_AS_091.wav,0.002036800025962293
291,SNR_-8db,AS,New_AS_092.wav,0.0026123999850824475
292,SNR_-8db,AS,New_AS_093.wav,0.0019181999377906322
293,SNR_-8db,AS,New_AS_094.wav,0.0017552999779582024
294,SNR_-8db,AS,New_AS_095.wav,0.001526899985037744
295,SNR_-8db,AS,New_AS_096.wav,0.0014940000837668777
296,SNR_-8db,AS,New_AS_097.wav,0.0014957000967115164
297,SNR_-8db,AS,New_AS_098.wav,0.0016071998979896307
298,SNR_-8db,AS,New_AS_099.wav,0.0018394000362604856
299,SNR_-8db,AS,New_AS_100.wav,0.002771100029349327
300,SNR_-8db,AS,New_AS_101.wav,0.002495800028555095
301,SNR_-8db,AS,New_AS_102.wav,0.0019448999082669616
302,SNR_-8db,AS,New_AS_103.wav,0.0017859999788925052
303,SNR_-8db,AS,New_AS_104.wav,0.00165350001771003
304,SNR_-8db,AS,New_AS_105.wav,0.00154079997446388
305,SNR_-8db,AS,New_AS_106.wav,0.0015076999552547932
306,SNR_-8db,AS,New_AS_107.wav,0.0016011000843718648
307,SNR_-8db,AS,New_AS_108.wav,0.001557700103148818
308,SNR_-8db,AS,New_AS_109.wav,0.0021729000145569444
309,SNR_-8db,AS,New_AS_110.wav,0.002731699962168932
310,SNR_-8db,AS,New_AS_111.wav,0.0019429000094532967
311,SNR_-8db,AS,New_AS_112.wav,0.001825300045311451
312,SNR_-8db,AS,New_AS_113.wav,0.001737200072966516
313,SNR_-8db,AS,New_AS_114.wav,0.0019002999179065228
314,SNR_-8db,AS,New_AS_115.wav,0.0015963000478222966
315,SNR_-8db,AS,New_AS_116.wav,0.0014630999648943543
316,SNR_-8db,AS,New_AS_117.wav,0.0014319999609142542
317,SNR_-8db,AS,New_AS_118.wav,0.002127500018104911
318,SNR_-8db,AS,New_AS_119.wav,0.002100299927406013
319,SNR_-8db,AS,New_AS_120.wav,0.0018489999929443002
320,SNR_-8db,AS,New_AS_121.wav,0.0018057000124827027
321,SNR_-8db,AS,New_AS_122.wav,0.0016967999981716275
322,SNR_-8db,AS,New_AS_123.wav,0.0015339999226853251
323,SNR_-8db,AS,New_AS_124.wav,0.0015177000313997269
324,SNR_-8db,AS,New_AS_125.wav,0.0014687000075355172
325,SNR_-8db,AS,New_AS_126.wav,0.0015140000032261014
326,SNR_-8db,AS,New_AS_127.wav,0.0017142998985946178
327,SNR_-8db,AS,New_AS_128.wav,0.0029682000167667866
328,SNR_-8db,AS,New_AS_129.wav,0.0016166999703273177
329,SNR_-8db,AS,New_AS_130.wav,0.002166499965824187
330,SNR_-8db,AS,New_AS_131.wav,0.0022688000462949276
331,SNR_-8db,AS,New_AS_132.wav,0.0015977999428287148
332,SNR_-8db,AS,New_AS_133.wav,0.00156739994417876
333,SNR_-8db,AS,New_AS_134.wav,0.0015161000192165375
334,SNR_-8db,AS,New_AS_135.wav,0.0023095000069588423
335,SNR_-8db,AS,New_AS_136.wav,0.002018700004555285
336,SNR_-8db,AS,New_AS_137.wav,0.001946499920450151
337,SNR_-8db,AS,New_AS_138.wav,0.0021059999708086252
338,SNR_-8db,AS,New_AS_139.wav,0.0016047999961301684
339,SNR_-8db,AS,New_AS_140.wav,0.0021017000544816256
340,SNR_-8db,AS,New_AS_141.wav,0.002072499948553741
341,SNR_-8db,AS,New_AS_142.wav,0.001983199967071414
342,SNR_-8db,AS,New_AS_143.wav,0.0013401999603956938
343,SNR_-8db,AS,New_AS_144.wav,0.0014091000193729997
344,SNR_-8db,AS,New_AS_145.wav,0.002241699956357479
345,SNR_-8db,AS,New_AS_146.wav,0.0029573000501841307
346,SNR_-8db,AS,New_AS_147.wav,0.0014733999269083142
347,SNR_-8db,AS,New_AS_148.wav,0.0014684000052511692
348,SNR_-8db,AS,New_AS_149.wav,0.0015036000404506922
349,SNR_-8db,AS,New_AS_150.wav,0.0020677000284194946
350,SNR_-8db,AS,New_AS_151.wav,0.0018191999988630414
351,SNR_-8db,AS,New_AS_152.wav,0.002089999965392053
352,SNR_-8db,AS,New_AS_153.wav,0.0020822000224143267
353,SNR_-8db,AS,New_AS_154.wav,0.0031851999228820205
354,SNR_-8db,AS,New_AS_155.wav,0.0017183000454679132
355,SNR_-8db,AS,New_AS_156.wav,0.0015596000012010336
356,SNR_-8db,AS,New_AS_157.wav,0.0015174999134615064
357,SNR_-8db,AS,New_AS_158.wav,0.0015100999735295773
358,SNR_-8db,AS,New_AS_159.wav,0.0015081000747159123
359,SNR_-8db,AS,New_AS_160.wav,0.0015095999697223306
360,SNR_-8db,AS,New_AS_161.wav,0.0015384999569505453
361,SNR_-8db,AS,New_AS_162.wav,0.0016252000350505114
362,SNR_-8db,AS,New_AS_163.wav,0.0021831999765709043
363,SNR_-8db,AS,New_AS_164.wav,0.003135899896733463
364,SNR_-8db,AS,New_AS_165.wav,0.002558500040322542
365,SNR_-8db,AS,New_AS_166.wav,0.001612899941392243
366,SNR_-8db,AS,New_AS_167.wav,0.0021162000484764576
367,SNR_-8db,AS,New_AS_168.wav,0.002165699959732592
368,SNR_-8db,AS,New_AS_169.wav,0.00155259994789958
369,SNR_-8db,AS,New_AS_170.wav,0.0022079000482335687
370,SNR_-8db,AS,New_AS_171.wav,0.0027285999385640025
371,SNR_-8db,AS,New_AS_172.wav,0.0016295999521389604
372,SNR_-8db,AS,New_AS_173.wav,0.002099700039252639
373,SNR_-8db,AS,New_AS_174.wav,0.002057099947705865
374,SNR_-8db,AS,New_AS_175.wav,0.0017450000159442425
375,SNR_-8db,AS,New_AS_176.wav,0.002391599933616817
376,SNR_-8db,AS,New_AS_177.wav,0.002182199968956411
377,SNR_-8db,AS,New_AS_178.wav,0.0019944000523537397
378,SNR_-8db,AS,New_AS_179.wav,0.002071599941700697
379,SNR_-8db,AS,New_AS_180.wav,0.0018733999459072948
380,SNR_-8db,AS,New_AS_181.wav,0.0015676000621169806
381,SNR_-8db,AS,New_AS_182.wav,0.0015515999402850866
382,SNR_-8db,AS,New_AS_183.wav,0.0015443000011146069
383,SNR_-8db,AS,New_AS_184.wav,0.0014594999374821782
384,SNR_-8db,AS,New_AS_185.wav,0.001569800078868866
385,SNR_-8db,AS,New_AS_186.wav,0.001574199995957315
386,SNR_-8db,AS,New_AS_187.wav,0.0015113000990822911
387,SNR_-8db,AS,New_AS_188.wav,0.0014822999946773052
388,SNR_-8db,AS,New_AS_189.wav,0.0019097001058980823
389,SNR_-8db,AS,New_AS_190.wav,0.0019305000314489007
390,SNR_-8db,AS,New_AS_191.wav,0.0019627000438049436
391,SNR_-8db,AS,New_AS_192.wav,0.0028449000092223287
392,SNR_-8db,AS,New_AS_193.wav,0.0020077000372111797
393,SNR_-8db,AS,New_AS_194.wav,0.0020828000269830227
394,SNR_-8db,AS,New_AS_195.wav,0.0019681000849232078
395,SNR_-8db,AS,New_AS_196.wav,0.0020240999292582273
396,SNR_-8db,AS,New_AS_197.wav,0.0027782999677583575
397,SNR_-8db,AS,New_AS_198.wav,0.0029289000667631626
398,SNR_-8db,AS,New_AS_199.wav,0.0021742999088019133
399,SNR_-8db,AS,New_AS_200.wav,0.002162500051781535
400,SNR_-8db,MR,New_MR_001.wav,0.0015269999857991934
401,SNR_-8db,MR,New_MR_002.wav,0.001488099922426045
402,SNR_-8db,MR,New_MR_003.wav,0.0015188000397756696
403,SNR_-8db,MR,New_MR_004.wav,0.0015437999973073602
404,SNR_-8db,MR,New_MR_005.wav,0.0020276999566704035
405,SNR_-8db,MR,New_MR_006.wav,0.002389499917626381
406,SNR_-8db,MR,New_MR_007.wav,0.0018484999891370535
407,SNR_-8db,MR,New_MR_008.wav,0.0018161999760195613
408,SNR_-8db,MR,New_MR_009.wav,0.0016281000571325421
409,SNR_-8db,MR,New_MR_010.wav,0.0016335999825969338
410,SNR_-8db,MR,New_MR_011.wav,0.0015423999866470695
411,SNR_-8db,MR,New_MR_012.wav,0.001774700009264052
412,SNR_-8db,MR,New_MR_013.wav,0.0022386000491678715
413,SNR_-8db,MR,New_MR_014.wav,0.0021658999612554908
414,SNR_-8db,MR,New_MR_015.wav,0.001968399970792234
415,SNR_-8db,MR,New_MR_016.wav,0.0018201000057160854
416,SNR_-8db,MR,New_MR_017.wav,0.0015275999903678894
417,SNR_-8db,MR,New_MR_018.wav,0.0015502000460401177
418,SNR_-8db,MR,New_MR_019.wav,0.0016548000276088715
419,SNR_-8db,MR,New_MR_020.wav,0.001597900060005486
420,SNR_-8db,MR,New_MR_021.wav,0.0015869000926613808
421,SNR_-8db,MR,New_MR_022.wav,0.0015806999290362
422,SNR_-8db,MR,New_MR_023.wav,0.0017090999754145741
423,SNR_-8db,MR,New_MR_024.wav,0.002305599977262318
424,SNR_-8db,MR,New_MR_025.wav,0.0019512999569997191
425,SNR_-8db,MR,New_MR_026.wav,0.001662400085479021
426,SNR_-8db,MR,New_MR_027.wav,0.0015930000226944685
427,SNR_-8db,MR,New_MR_028.wav,0.0016066000098362565
428,SNR_-8db,MR,New_MR_029.wav,0.0016113999299705029
429,SNR_-8db,MR,New_MR_030.wav,0.0015410000924021006
430,SNR_-8db,MR,New_MR_031.wav,0.0014516999945044518
431,SNR_-8db,MR,New_MR_032.wav,0.0020056000212207437
432,SNR_-8db,MR,New_MR_033.wav,0.0021424000151455402
433,SNR_-8db,MR,New_MR_034.wav,0.002056199940852821
434,SNR_-8db,MR,New_MR_035.wav,0.001700800028629601
435,SNR_-8db,MR,New_MR_036.wav,0.0016062998911365867
436,SNR_-8db,MR,New_MR_037.wav,0.001581300050020218
437,SNR_-8db,MR,New_MR_038.wav,0.0015985999489203095
438,SNR_-8db,MR,New_MR_039.wav,0.0014763999497517943
439,SNR_-8db,MR,New_MR_040.wav,0.0015285999979823828
440,SNR_-8db,MR,New_MR_041.wav,0.00162240001372993
441,SNR_-8db,MR,New_MR_042.wav,0.0015478000277653337
442,SNR_-8db,MR,New_MR_043.wav,0.0020247999345883727
443,SNR_-8db,MR,New_MR_044.wav,0.002030499977990985
444,SNR_-8db,MR,New_MR_045.wav,0.0015466000186279416
445,SNR_-8db,MR,New_MR_046.wav,0.0014797999756410718
446,SNR_-8db,MR,New_MR_047.wav,0.001414199941791594
447,SNR_-8db,MR,New_MR_048.wav,0.001416300074197352
448,SNR_-8db,MR,New_MR_049.wav,0.0013367999345064163
449,SNR_-8db,MR,New_MR_050.wav,0.0013689000625163317
450,SNR_-8db,MR,New_MR_051.wav,0.001418700092472136
451,SNR_-8db,MR,New_MR_052.wav,0.0015319999074563384
452,SNR_-8db,MR,New_MR_053.wav,0.0014446000568568707
453,SNR_-8db,MR,New_MR_054.wav,0.0018896999536082149
454,SNR_-8db,MR,New_MR_055.wav,0.0017952999332919717
455,SNR_-8db,MR,New_MR_056.wav,0.001559399999678135
456,SNR_-8db,MR,New_MR_057.wav,0.001617699977941811
457,SNR_-8db,MR,New_MR_058.wav,0.0015449000056833029
458,SNR_-8db,MR,New_MR_059.wav,0.0014473999617621303
459,SNR_-8db,MR,New_MR_060.wav,0.0014408000279217958
460,SNR_-8db,MR,New_MR_061.wav,0.0014751999406144023
461,SNR_-8db,MR,New_MR_062.wav,0.0014900000533089042
462,SNR_-8db,MR,New_MR_063.wav,0.0015137000009417534
463,SNR_-8db,MR,New_MR_064.wav,0.0016129999421536922
464,SNR_-8db,MR,New_MR_065.wav,0.002081099897623062
465,SNR_-8db,MR,New_MR_066.wav,0.001711999997496605
466,SNR_-8db,MR,New_MR_067.wav,0.0015716999769210815
467,SNR_-8db,MR,New_MR_068.wav,0.0015193000435829163
468,SNR_-8db,MR,New_MR_069.wav,0.001562100020237267
469,SNR_-8db,MR,New_MR_070.wav,0.0015667000552639365
470,SNR_-8db,MR,New_MR_071.wav,0.0015714999753981829
471,SNR_-8db,MR,New_MR_072.wav,0.0014998000115156174
472,SNR_-8db,MR,New_MR_073.wav,0.0016292999498546124
473,SNR_-8db,MR,New_MR_074.wav,0.0014242000179365277
474,SNR_-8db,MR,New_MR_075.wav,0.0025046999799087644
475,SNR_-8db,MR,New_MR_076.wav,0.0025584999239072204
476,SNR_-8db,MR,New_MR_077.wav,0.0015965000493451953
477,SNR_-8db,MR,New_MR_078.wav,0.0016133999451994896
478,SNR_-8db,MR,New_MR_079.wav,0.0014851000159978867
479,SNR_-8db,MR,New_MR_080.wav,0.0016032999847084284
480,SNR_-8db,MR,New_MR_081.wav,0.001551399938762188
481,SNR_-8db,MR,New_MR_082.wav,0.0016189999878406525
482,SNR_-8db,MR,New_MR_083.wav,0.0014665999915450811
483,SNR_-8db,MR,New_MR_084.wav,0.0023134000366553664
484,SNR_-8db,MR,New_MR_085.wav,0.002357599907554686
485,SNR_-8db,MR,New_MR_086.wav,0.0019472000421956182
486,SNR_-8db,MR,New_MR_087.wav,0.0015015999088063836
487,SNR_-8db,MR,New_MR_088.wav,0.0021259000059217215
488,SNR_-8db,MR,New_MR_089.wav,0.001561800017952919
489,SNR_-8db,MR,New_MR_090.wav,0.0014964999863877892
490,SNR_-8db,MR,New_MR_091.wav,0.0014563000295311213
491,SNR_-8db,MR,New_MR_092.wav,0.0014041999820619822
492,SNR_-8db,MR,New_MR_093.wav,0.0014353999868035316
493,SNR_-8db,MR,New_MR_094.wav,0.002983899903483689
494,SNR_-8db,MR,New_MR_095.wav,0.0019252999918535352
495,SNR_-8db,MR,New_MR_096.wav,0.001743100001476705
496,SNR_-8db,MR,New_MR_097.wav,0.001573599991388619
497,SNR_-8db,MR,New_MR_098.wav,0.002018700004555285
498,SNR_-8db,MR,New_MR_099.wav,0.0013825999340042472
499,SNR_-8db,MR,New_MR_100.wav,0.0019609000300988555
500,SNR_-8db,MR,New_MR_101.wav,0.0013596999924629927
501,SNR_-8db,MR,New_MR_102.wav,0.0012602000497281551
502,SNR_-8db,MR,New_MR_103.wav,0.002076599979773164
503,SNR_-8db,MR,New_MR_104.wav,0.0017837999621406198
504,SNR_-8db,MR,New_MR_105.wav,0.0016351999947801232
505,SNR_-8db,MR,New_MR_106.wav,0.0015847999602556229
506,SNR_-8db,MR,New_MR_107.wav,0.0013391999527812004
507,SNR_-8db,MR,New_MR_108.wav,0.0013389000669121742
508,SNR_-8db,MR,New_MR_109.wav,0.0013196999207139015
509,SNR_-8db,MR,New_MR_110.wav,0.0013697000686079264
510,SNR_-8db,MR,New_MR_111.wav,0.0012317999498918653
511,SNR_-8db,MR,New_MR_112.wav,0.001412699930369854
512,SNR_-8db,MR,New_MR_113.wav,0.0012377999955788255
513,SNR_-8db,MR,New_MR_114.wav,0.0019036000594496727
514,SNR_-8db,MR,New_MR_115.wav,0.0019274000078439713
515,SNR_-8db,MR,New_MR_116.wav,0.0023817000910639763
516,SNR_-8db,MR,New_MR_117.wav,0.0014832000015303493
517,SNR_-8db,MR,New_MR_118.wav,0.0013957000337541103
518,SNR_-8db,MR,New_MR_119.wav,0.0014171999646350741
519,SNR_-8db,MR,New_MR_120.wav,0.0013207000447437167
520,SNR_-8db,MR,New_MR_121.wav,0.0015666999388486147
521,SNR_-8db,MR,New_MR_122.wav,0.0018103000475093722
522,SNR_-8db,MR,New_MR_123.wav,0.001297399983741343
523,SNR_-8db,MR,New_MR_124.wav,0.0017745000077411532
524,SNR_-8db,MR,New_MR_125.wav,0.0017680000746622682
525,SNR_-8db,MR,New_MR_126.wav,0.0014254999114200473
526,SNR_-8db,MR,New_MR_127.wav,0.001430500065907836
527,SNR_-8db,MR,New_MR_128.wav,0.0019181999377906322
528,SNR_-8db,MR,New_MR_129.wav,0.001572699984535575
529,SNR_-8db,MR,New_MR_130.wav,0.001393200014717877
530,SNR_-8db,MR,New_MR_131.wav,0.0013719999697059393
531,SNR_-8db,MR,New_MR_132.wav,0.0013771000085398555
532,SNR_-8db,MR,New_MR_133.wav,0.0013659000396728516
533,SNR_-8db,MR,New_MR_134.wav,0.00134680001065135
534,SNR_-8db,MR,New_MR_135.wav,0.001972300000488758
535,SNR_-8db,MR,New_MR_136.wav,0.0019215999636799097
536,SNR_-8db,MR,New_MR_137.wav,0.0015657000476494431
537,SNR_-8db,MR,New_MR_138.wav,0.0014359999913722277
538,SNR_-8db,MR,New_MR_139.wav,0.001397599931806326
539,SNR_-8db,MR,New_MR_140.wav,0.0013577999779954553
540,SNR_-8db,MR,New_MR_141.wav,0.0013423000928014517
541,SNR_-8db,MR,New_MR_142.wav,0.001355700078420341
542,SNR_-8db,MR,New_MR_143.wav,0.0013419999741017818
543,SNR_-8db,MR,New_MR_144.wav,0.0013660999247804284
544,SNR_-8db,MR,New_MR_145.wav,0.0013286001048982143
545,SNR_-8db,MR,New_MR_146.wav,0.001495600095950067
546,SNR_-8db,MR,New_MR_147.wav,0.0018797999946400523
547,SNR_-8db,MR,New_MR_148.wav,0.0015679000644013286
548,SNR_-8db,MR,New_MR_149.wav,0.001408600015565753
549,SNR_-8db,MR,New_MR_150.wav,0.0013561000814661384
550,SNR_-8db,MR,New_MR_151.wav,0.0012986999936401844
551,SNR_-8db,MR,New_MR_152.wav,0.0012826999882236123
552,SNR_-8db,MR,New_MR_153.wav,0.0013223999412730336
553,SNR_-8db,MR,New_MR_154.wav,0.0013668000465258956
554,SNR_-8db,MR,New_MR_155.wav,0.0013442999916151166
555,SNR_-8db,MR,New_MR_156.wav,0.0013053999282419682
556,SNR_-8db,MR,New_MR_157.wav,0.0012990999966859818
557,SNR_-8db,MR,New_MR_158.wav,0.0018738999497145414
558,SNR_-8db,MR,New_MR_159.wav,0.0018828000174835324
559,SNR_-8db,MR,New_MR_160.wav,0.0015515000559389591
560,SNR_-8db,MR,New_MR_161.wav,0.001404200098477304
561,SNR_-8db,MR,New_MR_162.wav,0.001375799998641014
562,SNR_-8db,MR,New_MR_163.wav,0.001354200066998601
563,SNR_-8db,MR,New_MR_164.wav,0.0012989999959245324
564,SNR_-8db,MR,New_MR_165.wav,0.001408300013281405
565,SNR_-8db,MR,New_MR_166.wav,0.0013024000218138099
566,SNR_-8db,MR,New_MR_167.wav,0.0012848000042140484
567,SNR_-8db,MR,New_MR_168.wav,0.0012878000270575285
568,SNR_-8db,MR,New_MR_169.wav,0.0013825999340042472
569,SNR_-8db,MR,New_MR_170.wav,0.0019648000597953796
570,SNR_-8db,MR,New_MR_171.wav,0.001981800072826445
571,SNR_-8db,MR,New_MR_172.wav,0.002230399986729026
572,SNR_-8db,MR,New_MR_173.wav,0.0014165999600663781
573,SNR_-8db,MR,New_MR_174.wav,0.001412399928085506
574,SNR_-8db,MR,New_MR_175.wav,0.0012768000597134233
575,SNR_-8db,MR,New_MR_176.wav,0.0015940000303089619
576,SNR_-8db,MR,New_MR_177.wav,0.0013500000350177288
577,SNR_-8db,MR,New_MR_178.wav,0.0015466000186279416
578,SNR_-8db,MR,New_MR_179.wav,0.0013763000024482608
579,SNR_-8db,MR,New_MR_180.wav,0.0018106999341398478
580,SNR_-8db,MR,New_MR_181.wav,0.0015885999891906977
581,SNR_-8db,MR,New_MR_182.wav,0.0013849999522790313
582,SNR_-8db,MR,New_MR_183.wav,0.0013212000485509634
583,SNR_-8db,MR,New_MR_184.wav,0.0014046999858692288
584,SNR_-8db,MR,New_MR_185.wav,0.001360700000077486
585,SNR_-8db,MR,New_MR_186.wav,0.0013123999815434217
586,SNR_-8db,MR,New_MR_187.wav,0.0012865000171586871
587,SNR_-8db,MR,New_MR_188.wav,0.001361900009214878
588,SNR_-8db,MR,New_MR_189.wav,0.0013806000351905823
589,SNR_-8db,MR,New_MR_190.wav,0.0015252999728545547
590,SNR_-8db,MR,New_MR_191.wav,0.0017152000218629837
591,SNR_-8db,MR,New_MR_192.wav,0.0018860999261960387
592,SNR_-8db,MR,New_MR_193.wav,0.001562400022521615
593,SNR_-8db,MR,New_MR_194.wav,0.0014553000219166279
594,SNR_-8db,MR,New_MR_195.wav,0.0013438999885693192
595,SNR_-8db,MR,New_MR_196.wav,0.001339699956588447
596,SNR_-8db,MR,New_MR_197.wav,0.00138519995380193
597,SNR_-8db,MR,New_MR_198.wav,0.0013074000598862767
598,SNR_-8db,MR,New_MR_199.wav,0.0013101999647915363
599,SNR_-8db,MR,New_MR_200.wav,0.001484900014474988
600,SNR_-8db,MS,New_MS_001.wav,0.0015836999518796802
601,SNR_-8db,MS,New_MS_002.wav,0.0021102000027894974
602,SNR_-8db,MS,New_MS_003.wav,0.002115099923685193
603,SNR_-8db,MS,New_MS_004.wav,0.0016513000009581447
604,SNR_-8db,MS,New_MS_005.wav,0.0014961999841034412
605,SNR_-8db,MS,New_MS_006.wav,0.001473700045607984
606,SNR_-8db,MS,New_MS_007.wav,0.001415099948644638
607,SNR_-8db,MS,New_MS_008.wav,0.0013885999796912074
608,SNR_-8db,MS,New_MS_009.wav,0.0014057999942451715
609,SNR_-8db,MS,New_MS_010.wav,0.0013234000653028488
610,SNR_-8db,MS,New_MS_011.wav,0.0013559000799432397
611,SNR_-8db,MS,New_MS_012.wav,0.0012972999829798937
612,SNR_-8db,MS,New_MS_013.wav,0.0017221999587491155
613,SNR_-8db,MS,New_MS_014.wav,0.002135799964889884
614,SNR_-8db,MS,New_MS_015.wav,0.0015335000352934003
615,SNR_-8db,MS,New_MS_016.wav,0.0020075999200344086
616,SNR_-8db,MS,New_MS_017.wav,0.0013769000070169568
617,SNR_-8db,MS,New_MS_018.wav,0.001330200000666082
618,SNR_-8db,MS,New_MS_019.wav,0.001318400027230382
619,SNR_-8db,MS,New_MS_020.wav,0.0013528999406844378
620,SNR_-8db,MS,New_MS_021.wav,0.0013020000187680125
621,SNR_-8db,MS,New_MS_022.wav,0.0012932999525219202
622,SNR_-8db,MS,New_MS_023.wav,0.0013161000097170472
623,SNR_-8db,MS,New_MS_024.wav,0.001767599955201149
624,SNR_-8db,MS,New_MS_025.wav,0.002408500062301755
625,SNR_-8db,MS,New_MS_026.wav,0.001963400049135089
626,SNR_-8db,MS,New_MS_027.wav,0.0014267000369727612
627,SNR_-8db,MS,New_MS_028.wav,0.0014504001010209322
628,SNR_-8db,MS,New_MS_029.wav,0.0013385999482125044
629,SNR_-8db,MS,New_MS_030.wav,0.0014167999615892768
630,SNR_-8db,MS,New_MS_031.wav,0.00129210005979985
631,SNR_-8db,MS,New_MS_032.wav,0.0014257999137043953
632,SNR_-8db,MS,New_MS_033.wav,0.0013331000227481127
633,SNR_-8db,MS,New_MS_034.wav,0.0014097000239416957
634,SNR_-8db,MS,New_MS_035.wav,0.00220589991658926
635,SNR_-8db,MS,New_MS_036.wav,0.002333299955353141
636,SNR_-8db,MS,New_MS_037.wav,0.0016732000513002276
637,SNR_-8db,MS,New_MS_038.wav,0.0014443999389186502
638,SNR_-8db,MS,New_MS_039.wav,0.0013478000182658434
639,SNR_-8db,MS,New_MS_040.wav,0.001460599945858121
640,SNR_-8db,MS,New_MS_041.wav,0.0013750999933108687
641,SNR_-8db,MS,New_MS_042.wav,0.0012660999782383442
642,SNR_-8db,MS,New_MS_043.wav,0.0012608000542968512
643,SNR_-8db,MS,New_MS_044.wav,0.001386999967508018
644,SNR_-8db,MS,New_MS_045.wav,0.0016804999904707074
645,SNR_-8db,MS,New_MS_046.wav,0.002187300007790327
646,SNR_-8db,MS,New_MS_047.wav,0.0016407999210059643
647,SNR_-8db,MS,New_MS_048.wav,0.0014885000418871641
648,SNR_-8db,MS,New_MS_049.wav,0.0013894999865442514
649,SNR_-8db,MS,New_MS_050.wav,0.0016684000147506595
650,SNR_-8db,MS,New_MS_051.wav,0.001877299975603819
651,SNR_-8db,MS,New_MS_052.wav,0.001329899998381734
652,SNR_-8db,MS,New_MS_053.wav,0.001336699933744967
653,SNR_-8db,MS,New_MS_054.wav,0.001401199959218502
654,SNR_-8db,MS,New_MS_055.wav,0.0017330000409856439
655,SNR_-8db,MS,New_MS_056.wav,0.002056499943137169
656,SNR_-8db,MS,New_MS_057.wav,0.0017235999694094062
657,SNR_-8db,MS,New_MS_058.wav,0.0019012000411748886
658,SNR_-8db,MS,New_MS_059.wav,0.0020972000202164054
659,SNR_-8db,MS,New_MS_060.wav,0.0014042999828234315
660,SNR_-8db,MS,New_MS_061.wav,0.00155259994789958
661,SNR_-8db,MS,New_MS_062.wav,0.002060699975118041
662,SNR_-8db,MS,New_MS_063.wav,0.002027299953624606
663,SNR_-8db,MS,New_MS_064.wav,0.002010400057770312
664,SNR_-8db,MS,New_MS_065.wav,0.0023944999556988478
665,SNR_-8db,MS,New_MS_066.wav,0.0017455000197514892
666,SNR_-8db,MS,New_MS_067.wav,0.00154079997446388
667,SNR_-8db,MS,New_MS_068.wav,0.0014154999516904354
668,SNR_-8db,MS,New_MS_069.wav,0.0013182000257074833
669,SNR_-8db,MS,New_MS_070.wav,0.001361300004646182
670,SNR_-8db,MS,New_MS_071.wav,0.001600199961103499
671,SNR_-8db,MS,New_MS_072.wav,0.0017318999161943793
672,SNR_-8db,MS,New_MS_073.wav,0.0013937000185251236
673,SNR_-8db,MS,New_MS_074.wav,0.0014957999810576439
674,SNR_-8db,MS,New_MS_075.wav,0.002001799992285669
675,SNR_-8db,MS,New_MS_076.wav,0.0017804000526666641
676,SNR_-8db,MS,New_MS_077.wav,0.0015119999879971147
677,SNR_-8db,MS,New_MS_078.wav,0.0013737000990658998
678,SNR_-8db,MS,New_MS_079.wav,0.0012662000954151154
679,SNR_-8db,MS,New_MS_080.wav,0.001600199961103499
680,SNR_-8db,MS,New_MS_081.wav,0.001366299926303327
681,SNR_-8db,MS,New_MS_082.wav,0.001357800094410777
682,SNR_-8db,MS,New_MS_083.wav,0.0014903000555932522
683,SNR_-8db,MS,New_MS_084.wav,0.0015385999577119946
684,SNR_-8db,MS,New_MS_085.wav,0.001528399996459484
685,SNR_-8db,MS,New_MS_086.wav,0.0022601999808102846
686,SNR_-8db,MS,New_MS_087.wav,0.002157100010663271
687,SNR_-8db,MS,New_MS_088.wav,0.0015804999275133014
688,SNR_-8db,MS,New_MS_089.wav,0.0021759000374004245
689,SNR_-8db,MS,New_MS_090.wav,0.001514500007033348
690,SNR_-8db,MS,New_MS_091.wav,0.0014928999589756131
691,SNR_-8db,MS,New_MS_092.wav,0.0014631999656558037
692,SNR_-8db,MS,New_MS_093.wav,0.0016267000464722514
693,SNR_-8db,MS,New_MS_094.wav,0.0016503999941051006
694,SNR_-8db,MS,New_MS_095.wav,0.0020507998997345567
695,SNR_-8db,MS,New_MS_096.wav,0.0021066999761387706
696,SNR_-8db,MS,New_MS_097.wav,0.0017807000549510121
697,SNR_-8db,MS,New_MS_098.wav,0.001600499963387847
698,SNR_-8db,MS,New_MS_099.wav,0.0015784000279381871
699,SNR_-8db,MS,New_MS_100.wav,0.0015289000002667308
700,SNR_-8db,MS,New_MS_101.wav,0.001563600031659007
701,SNR_-8db,MS,New_MS_102.wav,0.0015185000374913216
702,SNR_-8db,MS,New_MS_103.wav,0.0015449000056833029
703,SNR_-8db,MS,New_MS_104.wav,0.001595500041730702
704,SNR_-8db,MS,New_MS_105.wav,0.0020438999636098742
705,SNR_-8db,MS,New_MS_106.wav,0.0020619999850168824
706,SNR_-8db,MS,New_MS_107.wav,0.001729500014334917
707,SNR_-8db,MS,New_MS_108.wav,0.00165350001771003
708,SNR_-8db,MS,New_MS_109.wav,0.0015827999450266361
709,SNR_-8db,MS,New_MS_110.wav,0.001587499980814755
710,SNR_-8db,MS,New_MS_111.wav,0.00159580004401505
711,SNR_-8db,MS,New_MS_112.wav,0.001628299942240119
712,SNR_-8db,MS,New_MS_113.wav,0.0015154000138863921
713,SNR_-8db,MS,New_MS_114.wav,0.0019197999499738216
714,SNR_-8db,MS,New_MS_115.wav,0.0022992000449448824
715,SNR_-8db,MS,New_MS_116.wav,0.002361200051382184
716,SNR_-8db,MS,New_MS_117.wav,0.001635099994018674
717,SNR_-8db,MS,New_MS_118.wav,0.0022459999890998006
718,SNR_-8db,MS,New_MS_119.wav,0.0014897999353706837
719,SNR_-8db,MS,New_MS_120.wav,0.0014761000638827682
720,SNR_-8db,MS,New_MS_121.wav,0.0015495999250561
721,SNR_-8db,MS,New_MS_122.wav,0.001505000051110983
722,SNR_-8db,MS,New_MS_123.wav,0.0015112999826669693
723,SNR_-8db,MS,New_MS_124.wav,0.0021932999370619655
724,SNR_-8db,MS,New_MS_125.wav,0.0026576999807730317
725,SNR_-8db,MS,New_MS_126.wav,0.0015946000348776579
726,SNR_-8db,MS,New_MS_127.wav,0.002231700113043189
727,SNR_-8db,MS,New_MS_128.wav,0.0014868000289425254
728,SNR_-8db,MS,New_MS_129.wav,0.0015036000404506922
729,SNR_-8db,MS,New_MS_130.wav,0.0015291000017896295
730,SNR_-8db,MS,New_MS_131.wav,0.0015968999359756708
731,SNR_-8db,MS,New_MS_132.wav,0.001614699955098331
732,SNR_-8db,MS,New_MS_133.wav,0.0019677000818774104
733,SNR_-8db,MS,New_MS_134.wav,0.003156100050546229
734,SNR_-8db,MS,New_MS_135.wav,0.00152749998960644
735,SNR_-8db,MS,New_MS_136.wav,0.0015852999640628695
736,SNR_-8db,MS,New_MS_137.wav,0.0015291000017896295
737,SNR_-8db,MS,New_MS_138.wav,0.001546700019389391
738,SNR_-8db,MS,New_MS_139.wav,0.0015144998906180263
739,SNR_-8db,MS,New_MS_140.wav,0.001492900075390935
740,SNR_-8db,MS,New_MS_141.wav,0.0016740999417379498
741,SNR_-8db,MS,New_MS_142.wav,0.002368199988268316
742,SNR_-8db,MS,New_MS_143.wav,0.0022670000325888395
743,SNR_-8db,MS,New_MS_144.wav,0.001752000069245696
744,SNR_-8db,MS,New_MS_145.wav,0.0017165999161079526
745,SNR_-8db,MS,New_MS_146.wav,0.001545800012536347
746,SNR_-8db,MS,New_MS_147.wav,0.002110400004312396
747,SNR_-8db,MS,New_MS_148.wav,0.0016127999406307936
748,SNR_-8db,MS,New_MS_149.wav,0.0020875000627711415
749,SNR_-8db,MS,New_MS_150.wav,0.0015308998990803957
750,SNR_-8db,MS,New_MS_151.wav,0.0018457000842317939
751,SNR_-8db,MS,New_MS_152.wav,0.0021348000736907125
752,SNR_-8db,MS,New_MS_153.wav,0.0022745999740436673
753,SNR_-8db,MS,New_MS_154.wav,0.0013945000246167183
754,SNR_-8db,MS,New_MS_155.wav,0.0020553000504150987
755,SNR_-8db,MS,New_MS_156.wav,0.001396800042130053
756,SNR_-8db,MS,New_MS_157.wav,0.0019952000584453344
757,SNR_-8db,MS,New_MS_158.wav,0.0013782000169157982
758,SNR_-8db,MS,New_MS_159.wav,0.002005599904805422
759,SNR_-8db,MS,New_MS_160.wav,0.0014183000894263387
760,SNR_-8db,MS,New_MS_161.wav,0.0022078000474721193
761,SNR_-8db,MS,New_MS_162.wav,0.0018501000013202429
762,SNR_-8db,MS,New_MS_163.wav,0.0021633999422192574
763,SNR_-8db,MS,New_MS_164.wav,0.0014750000555068254
764,SNR_-8db,MS,New_MS_165.wav,0.0014530000044032931
765,SNR_-8db,MS,New_MS_166.wav,0.0015138000017032027
766,SNR_-8db,MS,New_MS_167.wav,0.0013886999804526567
767,SNR_-8db,MS,New_MS_168.wav,0.0014530000044032931
768,SNR_-8db,MS,New_MS_169.wav,0.0014637999702244997
769,SNR_-8db,MS,New_MS_170.wav,0.0014833000022917986
770,SNR_-8db,MS,New_MS_171.wav,0.001987900002859533
771,SNR_-8db,MS,New_MS_172.wav,0.001816099975258112
772,SNR_-8db,MS,New_MS_173.wav,0.0015953000402078032
773,SNR_-8db,MS,New_MS_174.wav,0.0015189999248832464
774,SNR_-8db,MS,New_MS_175.wav,0.0017105999868363142
775,SNR_-8db,MS,New_MS_176.wav,0.001892099971882999
776,SNR_-8db,MS,New_MS_177.wav,0.0015815000515431166
777,SNR_-8db,MS,New_MS_178.wav,0.0015434999950230122
778,SNR_-8db,MS,New_MS_179.wav,0.0016292000655084848
779,SNR_-8db,MS,New_MS_180.wav,0.0016604999545961618
780,SNR_-8db,MS,New_MS_181.wav,0.002238500048406422
781,SNR_-8db,MS,New_MS_182.wav,0.0018433000659570098
782,SNR_-8db,MS,New_MS_183.wav,0.0020243999315425754
783,SNR_-8db,MS,New_MS_184.wav,0.00223730003926903
784,SNR_-8db,MS,New_MS_185.wav,0.0016048999968916178
785,SNR_-8db,MS,New_MS_186.wav,0.0015978999435901642
786,SNR_-8db,MS,New_MS_187.wav,0.0017577999969944358
787,SNR_-8db,MS,New_MS_188.wav,0.0017860999796539545
788,SNR_-8db,MS,New_MS_189.wav,0.0018561999313533306
789,SNR_-8db,MS,New_MS_190.wav,0.0026680000592023134
790,SNR_-8db,MS,New_MS_191.wav,0.0030107999918982387
791,SNR_-8db,MS,New_MS_192.wav,0.002512000035494566
792,SNR_-8db,MS,New_MS_193.wav,0.0017736000008881092
793,SNR_-8db,MS,New_MS_194.wav,0.0017090999754145741
794,SNR_-8db,MS,New_MS_195.wav,0.0016108999261632562
795,SNR_-8db,MS,New_MS_196.wav,0.001926700002513826
796,SNR_-8db,MS,New_MS_197.wav,0.0019820000743493438
797,SNR_-8db,MS,New_MS_198.wav,0.0022043000208213925
798,SNR_-8db,MS,New_MS_199.wav,0.0017884999979287386
799,SNR_-8db,MS,New_MS_200.wav,0.0017365999519824982
800,SNR_-8db,MVP,New_MVP_001.wav,0.0018461000872775912
801,SNR_-8db,MVP,New_MVP_002.wav,0.0024000999983400106
802,SNR_-8db,MVP,New_MVP_003.wav,0.002318000071682036
803,SNR_-8db,MVP,New_MVP_004.wav,0.0015686999540776014
804,SNR_-8db,MVP,New_MVP_005.wav,0.0016061000060290098
805,SNR_-8db,MVP,New_MVP_006.wav,0.00229629990644753
806,SNR_-8db,MVP,New_MVP_007.wav,0.0018090000376105309
807,SNR_-8db,MVP,New_MVP_008.wav,0.0015826999442651868
808,SNR_-8db,MVP,New_MVP_009.wav,0.0015067000640556216
809,SNR_-8db,MVP,New_MVP_010.wav,0.0014519999967887998
810,SNR_-8db,MVP,New_MVP_011.wav,0.0014422000385820866
811,SNR_-8db,MVP,New_MVP_012.wav,0.0014198999851942062
812,SNR_-8db,MVP,New_MVP_013.wav,0.0013865999644622207
813,SNR_-8db,MVP,New_MVP_014.wav,0.0018598000751808286
814,SNR_-8db,MVP,New_MVP_015.wav,0.0016105999238789082
815,SNR_-8db,MVP,New_MVP_016.wav,0.0025777999544516206
816,SNR_-8db,MVP,New_MVP_017.wav,0.0016827000072225928
817,SNR_-8db,MVP,New_MVP_018.wav,0.0017076999647542834
818,SNR_-8db,MVP,New_MVP_019.wav,0.0020751000847667456
819,SNR_-8db,MVP,New_MVP_020.wav,0.0016652001067996025
820,SNR_-8db,MVP,New_MVP_021.wav,0.0021812000777572393
821,SNR_-8db,MVP,New_MVP_022.wav,0.0013494999147951603
822,SNR_-8db,MVP,New_MVP_023.wav,0.001283199992030859
823,SNR_-8db,MVP,New_MVP_024.wav,0.001361900009214878
824,SNR_-8db,MVP,New_MVP_025.wav,0.0017639000434428453
825,SNR_-8db,MVP,New_MVP_026.wav,0.002151499968022108
826,SNR_-8db,MVP,New_MVP_027.wav,0.001698700012639165
827,SNR_-8db,MVP,New_MVP_028.wav,0.0016087000258266926
828,SNR_-8db,MVP,New_MVP_029.wav,0.0016249000327661633
829,SNR_-8db,MVP,New_MVP_030.wav,0.0015834999503567815
830,SNR_-8db,MVP,New_MVP_031.wav,0.0015947000356391072
831,SNR_-8db,MVP,New_MVP_032.wav,0.0015147000085562468
832,SNR_-8db,MVP,New_MVP_033.wav,0.0015052000526338816
833,SNR_-8db,MVP,New_MVP_034.wav,0.0015318000223487616
834,SNR_-8db,MVP,New_MVP_035.wav,0.0017773999134078622
835,SNR_-8db,MVP,New_MVP_036.wav,0.0021698999917134643
836,SNR_-8db,MVP,New_MVP_037.wav,0.001734800054691732
837,SNR_-8db,MVP,New_MVP_038.wav,0.0015780000248923898
838,SNR_-8db,MVP,New_MVP_039.wav,0.0016079000197350979
839,SNR_-8db,MVP,New_MVP_040.wav,0.0014923999551683664
840,SNR_-8db,MVP,New_MVP_041.wav,0.001577800023369491
841,SNR_-8db,MVP,New_MVP_042.wav,0.0015417999820783734
842,SNR_-8db,MVP,New_MVP_043.wav,0.0014584000455215573
843,SNR_-8db,MVP,New_MVP_044.wav,0.0014662001049146056
844,SNR_-8db,MVP,New_MVP_045.wav,0.0014759000623598695
845,SNR_-8db,MVP,New_MVP_046.wav,0.001976700033992529
846,SNR_-8db,MVP,New_MVP_047.wav,0.0019200000679120421
847,SNR_-8db,MVP,New_MVP_048.wav,0.0016485999803990126
848,SNR_-8db,MVP,New_MVP_049.wav,0.0016099999193102121
849,SNR_-8db,MVP,New_MVP_050.wav,0.001589899999089539
850,SNR_-8db,MVP,New_MVP_051.wav,0.0015366000588983297
851,SNR_-8db,MVP,New_MVP_052.wav,0.0014929999597370625
852,SNR_-8db,MVP,New_MVP_053.wav,0.00148610002361238
853,SNR_-8db,MVP,New_MVP_054.wav,0.0015853999648243189
854,SNR_-8db,MVP,New_MVP_055.wav,0.001511499984189868
855,SNR_-8db,MVP,New_MVP_056.wav,0.0021536999847739935
856,SNR_-8db,MVP,New_MVP_057.wav,0.002041199943050742
857,SNR_-8db,MVP,New_MVP_058.wav,0.0016801999881863594
858,SNR_-8db,MVP,New_MVP_059.wav,0.0015632000286132097
859,SNR_-8db,MVP,New_MVP_060.wav,0.0015133999986574054
860,SNR_-8db,MVP,New_MVP_061.wav,0.0014896999346092343
861,SNR_-8db,MVP,New_MVP_062.wav,0.0015035000396892428
862,SNR_-8db,MVP,New_MVP_063.wav,0.0021592999109998345
863,SNR_-8db,MVP,New_MVP_064.wav,0.0021481000585481524
864,SNR_-8db,MVP,New_MVP_065.wav,0.0024885000893846154
865,SNR_-8db,MVP,New_MVP_066.wav,0.0024358000373467803
866,SNR_-8db,MVP,New_MVP_067.wav,0.0018114999402314425
867,SNR_-8db,MVP,New_MVP_068.wav,0.0017248999793082476
868,SNR_-8db,MVP,New_MVP_069.wav,0.0016203999985009432
869,SNR_-8db,MVP,New_MVP_070.wav,0.00162690004799515
870,SNR_-8db,MVP,New_MVP_071.wav,0.0016463999636471272
871,SNR_-8db,MVP,New_MVP_072.wav,0.001676199957728386
872,SNR_-8db,MVP,New_MVP_073.wav,0.0020929999882355332
873,SNR_-8db,MVP,New_MVP_074.wav,0.002342800027690828
874,SNR_-8db,MVP,New_MVP_075.wav,0.0019708999898284674
875,SNR_-8db,MVP,New_MVP_076.wav,0.0016898999456316233
876,SNR_-8db,MVP,New_MVP_077.wav,0.0018544000340625644
877,SNR_-8db,MVP,New_MVP_078.wav,0.0019075000891461968
878,SNR_-8db,MVP,New_MVP_079.wav,0.001538399956189096
879,SNR_-8db,MVP,New_MVP_080.wav,0.001629799953661859
880,SNR_-8db,MVP,New_MVP_081.wav,0.0015478000277653337
881,SNR_-8db,MVP,New_MVP_082.wav,0.0014734999276697636
882,SNR_-8db,MVP,New_MVP_083.wav,0.0017184000462293625
883,SNR_-8db,MVP,New_MVP_084.wav,0.0020271000685170293
884,SNR_-8db,MVP,New_MVP_085.wav,0.0017444000113755465
885,SNR_-8db,MVP,New_MVP_086.wav,0.001514500007033348
886,SNR_-8db,MVP,New_MVP_087.wav,0.0015456000110134482
887,SNR_-8db,MVP,New_MVP_088.wav,0.0015381999546661973
888,SNR_-8db,MVP,New_MVP_089.wav,0.0018484999891370535
889,SNR_-8db,MVP,New_MVP_090.wav,0.0017716999864205718
890,SNR_-8db,MVP,New_MVP_091.wav,0.0016417000442743301
891,SNR_-8db,MVP,New_MVP_092.wav,0.001617699977941811
892,SNR_-8db,MVP,New_MVP_093.wav,0.0020203000167384744
893,SNR_-8db,MVP,New_MVP_094.wav,0.0020900999661535025
894,SNR_-8db,MVP,New_MVP_095.wav,0.0017017999198287725
895,SNR_-8db,MVP,New_MVP_096.wav,0.0016494999872520566
896,SNR_-8db,MVP,New_MVP_097.wav,0.0016330000944435596
897,SNR_-8db,MVP,New_MVP_098.wav,0.0016643000999465585
898,SNR_-8db,MVP,New_MVP_099.wav,0.0016188001027330756
899,SNR_-8db,MVP,New_MVP_100.wav,0.001626600045710802
900,SNR_-8db,MVP,New_MVP_101.wav,0.001713500008918345
901,SNR_-8db,MVP,New_MVP_102.wav,0.0014819999923929572
902,SNR_-8db,MVP,New_MVP_103.wav,0.0023766999365761876
903,SNR_-8db,MVP,New_MVP_104.wav,0.0018305000849068165
904,SNR_-8db,MVP,New_MVP_105.wav,0.0016284000594168901
905,SNR_-8db,MVP,New_MVP_106.wav,0.001562700024805963
906,SNR_-8db,MVP,New_MVP_107.wav,0.0016533000161871314
907,SNR_-8db,MVP,New_MVP_108.wav,0.001560300006531179
908,SNR_-8db,MVP,New_MVP_109.wav,0.0015492000384256244
909,SNR_-8db,MVP,New_MVP_110.wav,0.0015208999393507838
910,SNR_-8db,MVP,New_MVP_111.wav,0.0015406999737024307
911,SNR_-8db,MVP,New_MVP_112.wav,0.0015456000110134482
912,SNR_-8db,MVP,New_MVP_113.wav,0.0021811999613419175
913,SNR_-8db,MVP,New_MVP_114.wav,0.002438100054860115
914,SNR_-8db,MVP,New_MVP_115.wav,0.0016203999985009432
915,SNR_-8db,MVP,New_MVP_116.wav,0.001546400017105043
916,SNR_-8db,MVP,New_MVP_117.wav,0.0015736999921500683
917,SNR_-8db,MVP,New_MVP_118.wav,0.001562100020237267
918,SNR_-8db,MVP,New_MVP_119.wav,0.0015251999720931053
919,SNR_-8db,MVP,New_MVP_120.wav,0.001667700009420514
920,SNR_-8db,MVP,New_MVP_121.wav,0.0015858999686315656
921,SNR_-8db,MVP,New_MVP_122.wav,0.0021362999686971307
922,SNR_-8db,MVP,New_MVP_123.wav,0.00263440003618598
923,SNR_-8db,MVP,New_MVP_124.wav,0.0017912000184878707
924,SNR_-8db,MVP,New_MVP_125.wav,0.0016473999712616205
925,SNR_-8db,MVP,New_MVP_126.wav,0.001611500047147274
926,SNR_-8db,MVP,New_MVP_127.wav,0.0014839000068604946
927,SNR_-8db,MVP,New_MVP_128.wav,0.0015704999677836895
928,SNR_-8db,MVP,New_MVP_129.wav,0.0015234999591484666
929,SNR_-8db,MVP,New_MVP_130.wav,0.0014912999467924237
930,SNR_-8db,MVP,New_MVP_131.wav,0.001555300084874034
931,SNR_-8db,MVP,New_MVP_132.wav,0.002552000107243657
932,SNR_-8db,MVP,New_MVP_133.wav,0.002019000006839633
933,SNR_-8db,MVP,New_MVP_134.wav,0.0018368000164628029
934,SNR_-8db,MVP,New_MVP_135.wav,0.001554399961605668
935,SNR_-8db,MVP,New_MVP_136.wav,0.0015240999637171626
936,SNR_-8db,MVP,New_MVP_137.wav,0.001702600042335689
937,SNR_-8db,MVP,New_MVP_138.wav,0.001617999980226159
938,SNR_-8db,MVP,New_MVP_139.wav,0.0014282999327406287
939,SNR_-8db,MVP,New_MVP_140.wav,0.00147280003875494
940,SNR_-8db,MVP,New_MVP_141.wav,0.0016616999637335539
941,SNR_-8db,MVP,New_MVP_142.wav,0.0022971000289544463
942,SNR_-8db,MVP,New_MVP_143.wav,0.002140600001439452
943,SNR_-8db,MVP,New_MVP_144.wav,0.0016558000352233648
944,SNR_-8db,MVP,New_MVP_145.wav,0.001739799976348877
945,SNR_-8db,MVP,New_MVP_146.wav,0.002051600022241473
946,SNR_-8db,MVP,New_MVP_147.wav,0.0015341999242082238
947,SNR_-8db,MVP,New_MVP_148.wav,0.0014830000000074506
948,SNR_-8db,MVP,New_MVP_149.wav,0.001673300052061677
949,SNR_-8db,MVP,New_MVP_150.wav,0.0014951999764889479
950,SNR_-8db,MVP,New_MVP_151.wav,0.002012199955061078
951,SNR_-8db,MVP,New_MVP_152.wav,0.0023630999494343996
952,SNR_-8db,MVP,New_MVP_153.wav,0.00225939997471869
953,SNR_-8db,MVP,New_MVP_154.wav,0.0018940999871119857
954,SNR_-8db,MVP,New_MVP_155.wav,0.0020457999780774117
955,SNR_-8db,MVP,New_MVP_156.wav,0.0014397000195458531
956,SNR_-8db,MVP,New_MVP_157.wav,0.0013934000162407756
957,SNR_-8db,MVP,New_MVP_158.wav,0.0015140000032261014
958,SNR_-8db,MVP,New_MVP_159.wav,0.0015515000559389591
959,SNR_-8db,MVP,New_MVP_160.wav,0.0019385999767109752
960,SNR_-8db,MVP,New_MVP_161.wav,0.0019685999723151326
961,SNR_-8db,MVP,New_MVP_162.wav,0.0017003000248223543
962,SNR_-8db,MVP,New_MVP_163.wav,0.0015412999782711267
963,SNR_-8db,MVP,New_MVP_164.wav,0.0014823999954387546
964,SNR_-8db,MVP,New_MVP_165.wav,0.0015358999371528625
965,SNR_-8db,MVP,New_MVP_166.wav,0.0015423999866470695
966,SNR_-8db,MVP,New_MVP_167.wav,0.0018133999546989799
967,SNR_-8db,MVP,New_MVP_168.wav,0.0015921000158414245
968,SNR_-8db,MVP,New_MVP_169.wav,0.001485200016759336
969,SNR_-8db,MVP,New_MVP_170.wav,0.0022542999358847737
970,SNR_-8db,MVP,New_MVP_171.wav,0.0018852000357583165
971,SNR_-8db,MVP,New_MVP_172.wav,0.0017062999540939927
972,SNR_-8db,MVP,New_MVP_173.wav,0.0016075000166893005
973,SNR_-8db,MVP,New_MVP_174.wav,0.0015445000026375055
974,SNR_-8db,MVP,New_MVP_175.wav,0.0016290000639855862
975,SNR_-8db,MVP,New_MVP_176.wav,0.0015943999169394374
976,SNR_-8db,MVP,New_MVP_177.wav,0.0015936000272631645
977,SNR_-8db,MVP,New_MVP_178.wav,0.0015036000404506922
978,SNR_-8db,MVP,New_MVP_179.wav,0.0015567000955343246
979,SNR_-8db,MVP,New_MVP_180.wav,0.002130699926055968
980,SNR_-8db,MVP,New_MVP_181.wav,0.002038300037384033
981,SNR_-8db,MVP,New_MVP_182.wav,0.0019448999082669616
982,SNR_-8db,MVP,New_MVP_183.wav,0.0015783000271767378
983,SNR_-8db,MVP,New_MVP_184.wav,0.0015715999761596322
984,SNR_-8db,MVP,New_MVP_185.wav,0.0017043999396264553
985,SNR_-8db,MVP,New_MVP_186.wav,0.001535200048238039
986,SNR_-8db,MVP,New_MVP_187.wav,0.0016048999968916178
987,SNR_-8db,MVP,New_MVP_188.wav,0.0015931000234559178
988,SNR_-8db,MVP,New_MVP_189.wav,0.0020150000927969813
989,SNR_-8db,MVP,New_MVP_190.wav,0.0020881000673398376
990,SNR_-8db,MVP,New_MVP_191.wav,0.001870799926109612
991,SNR_-8db,MVP,New_MVP_192.wav,0.0015795000363141298
992,SNR_-8db,MVP,New_MVP_193.wav,0.0016409000381827354
993,SNR_-8db,MVP,New_MVP_194.wav,0.0016295000677928329
994,SNR_-8db,MVP,New_MVP_195.wav,0.002168299979530275
995,SNR_-8db,MVP,New_MVP_196.wav,0.0021618999307975173
996,SNR_-8db,MVP,New_MVP_197.wav,0.002352299983613193
997,SNR_-8db,MVP,New_MVP_198.wav,0.0026668000500649214
998,SNR_-8db,MVP,New_MVP_199.wav,0.0018149999668821692
999,SNR_-8db,MVP,New_MVP_200.wav,0.0016118999337777495
