indice_interno,base,metodo,distribucion,numero_capas,penalizacion_ortogonal,error_final,forma_h,forma_w,segundos
0,original,NMF,32-18-10-6,4,0.0,0.07025671136394433,6x212,126x6,0.04215620004106313
1,original,NMF,32-18-10-6,4,0.0,0.07101548539736867,6x212,126x6,0.03817509999498725
2,original,NMF,32-18-10-6,4,0.0,0.07251907920804009,6x212,126x6,0.03901780000887811
3,original,NMF,32-18-10-6,4,0.0,0.06778258118798942,6x212,126x6,0.03841819998342544
4,original,NMF,32-18-10-6,4,0.0,0.07785858771790162,6x212,126x6,0.036046599969267845
5,original,NMF,32-18-10-6,4,0.0,0.0694183212086716,6x212,126x6,0.03765889990609139
6,original,NMF,32-18-10-6,4,0.0,0.0731569237564696,6x212,126x6,0.03685969999060035
7,original,NMF,32-18-10-6,4,0.0,0.08057667358372467,6x212,126x6,0.03999039996415377
8,original,NMF,32-18-10-6,4,0.0,0.07896689445850008,6x212,126x6,0.04301029990892857
9,original,NMF,32-18-10-6,4,0.0,0.09359318460796576,6x212,126x6,0.042374699958600104
10,original,NMF,32-18-10-6,4,0.0,0.06836705769269641,6x212,126x6,0.04933730000630021
11,original,NMF,32-18-10-6,4,0.0,0.06653341702343392,6x212,126x6,0.04196970001794398
12,original,NMF,32-18-10-6,4,0.0,0.07538601166456181,6x212,126x6,0.046656700083985925
13,original,NMF,32-18-10-6,4,0.0,0.07317791742568704,6x212,126x6,0.045023899991065264
14,original,NMF,32-18-10-6,4,0.0,0.0780935502365148,6x212,126x6,0.04595289996359497
15,original,NMF,32-18-10-6,4,0.0,0.06962993599328232,6x212,126x6,0.03902979998383671
16,original,NMF,32-18-10-6,4,0.0,0.08951372805275165,6x212,126x6,0.03791109996382147
17,original,NMF,32-18-10-6,4,0.0,0.07362873715156157,6x212,126x6,0.03788209997583181
18,original,NMF,32-18-10-6,4,0.0,0.07631191058186154,6x212,126x6,0.040676499949768186
19,original,NMF,32-18-10-6,4,0.0,0.07170179685513324,6x212,126x6,0.038446599966846406
20,original,NMF,32-18-10-6,4,0.0,0.06350877476798018,6x212,126x6,0.037634999956935644
21,original,NMF,32-18-10-6,4,0.0,0.0794634850281277,6x212,126x6,0.037547699990682304
22,original,NMF,32-18-10-6,4,0.0,0.07775474565248121,6x212,126x6,0.038264700095169246
23,original,NMF,32-18-10-6,4,0.0,0.07364006277175507,6x212,126x6,0.03787620004732162
24,original,NMF,32-18-10-6,4,0.0,0.09020036924485642,6x212,126x6,0.03756460000295192
25,original,NMF,32-18-10-6,4,0.0,0.08357923506193599,6x212,126x6,0.03802259999793023
26,original,NMF,32-18-10-6,4,0.0,0.07123509909543481,6x212,126x6,0.03827309992630035
27,original,NMF,32-18-10-6,4,0.0,0.06415186371129404,6x212,126x6,0.03730980004183948
28,original,NMF,32-18-10-6,4,0.0,0.08364992720745971,6x212,126x6,0.03715570003259927
29,original,NMF,32-18-10-6,4,0.0,0.07698444456011598,6x212,126x6,0.03727420000359416
30,original,NMF,32-18-10-6,4,0.0,0.079013589990381,6x212,126x6,0.038085200008936226
31,original,NMF,32-18-10-6,4,0.0,0.08075762986744277,6x212,126x6,0.03763569996226579
32,original,NMF,32-18-10-6,4,0.0,0.07444308292589255,6x212,126x6,0.037568500032648444
33,original,NMF,32-18-10-6,4,0.0,0.07719285498491645,6x212,126x6,0.037320700008422136
34,original,NMF,32-18-10-6,4,0.0,0.07353930698423922,6x212,126x6,0.03806549997534603
35,original,NMF,32-18-10-6,4,0.0,0.07206921401981733,6x212,126x6,0.03738440002780408
36,original,NMF,32-18-10-6,4,0.0,0.055374418133507734,6x212,126x6,0.03904040006455034
37,original,NMF,32-18-10-6,4,0.0,0.053043967983515294,6x212,126x6,0.03858430008403957
38,original,NMF,32-18-10-6,4,0.0,0.04932341313688059,6x212,126x6,0.0372492999304086
39,original,NMF,32-18-10-6,4,0.0,0.05030913870980946,6x212,126x6,0.03723519993945956
40,original,NMF,32-18-10-6,4,0.0,0.04579303462453155,6x212,126x6,0.03901389997918159
41,original,NMF,32-18-10-6,4,0.0,0.04814064626650322,6x212,126x6,0.037113299942575395
42,original,NMF,32-18-10-6,4,0.0,0.0475644861058304,6x212,126x6,0.04215720004867762
43,original,NMF,32-18-10-6,4,0.0,0.04925973172512064,6x212,126x6,0.03946120000910014
44,original,NMF,32-18-10-6,4,0.0,0.055624918464991215,6x212,126x6,0.03691090003121644
45,original,NMF,32-18-10-6,4,0.0,0.047616622222201484,6x212,126x6,0.03749100002460182
46,original,NMF,32-18-10-6,4,0.0,0.044091085628261986,6x212,126x6,0.039004000020213425
47,original,NMF,32-18-10-6,4,0.0,0.055043080211913765,6x212,126x6,0.03576050000265241
48,original,NMF,32-18-10-6,4,0.0,0.041561915916642315,6x212,126x6,0.03547070000786334
49,original,NMF,32-18-10-6,4,0.0,0.052397190708068565,6x212,126x6,0.03791449998971075
50,original,NMF,32-18-10-6,4,0.0,0.04879297588900545,6x212,126x6,0.03971800010185689
51,original,NMF,32-18-10-6,4,0.0,0.04665728796263493,6x212,126x6,0.04075280006509274
52,original,NMF,32-18-10-6,4,0.0,0.04711634282181267,6x212,126x6,0.03978610003832728
53,original,NMF,32-18-10-6,4,0.0,0.04108507401374577,6x212,126x6,0.04052199993748218
54,original,NMF,32-18-10-6,4,0.0,0.045205379571896194,6x212,126x6,0.040728699997998774
55,original,NMF,32-18-10-6,4,0.0,0.04962239337460903,6x212,126x6,0.04037529998458922
56,original,NMF,32-18-10-6,4,0.0,0.040027699587974544,6x212,126x6,0.0421766999643296
57,original,NMF,32-18-10-6,4,0.0,0.04240070073119468,6x212,126x6,0.03895859990734607
58,original,NMF,32-18-10-6,4,0.0,0.04143827519890015,6x212,126x6,0.038526699994690716
59,original,NMF,32-18-10-6,4,0.0,0.04547254397067732,6x212,126x6,0.038058699923567474
60,original,NMF,32-18-10-6,4,0.0,0.05084848072363082,6x212,126x6,0.03587130003143102
61,original,NMF,32-18-10-6,4,0.0,0.03843669647355063,6x212,126x6,0.03915239998605102
62,original,NMF,32-18-10-6,4,0.0,0.05022424615149257,6x212,126x6,0.037793600000441074
63,original,NMF,32-18-10-6,4,0.0,0.04347418826646133,6x212,126x6,0.03952770004980266
64,original,NMF,32-18-10-6,4,0.0,0.051688527014367734,6x212,126x6,0.03839850006625056
65,original,NMF,32-18-10-6,4,0.0,0.038783987489949164,6x212,126x6,0.03691680007614195
66,original,NMF,32-18-10-6,4,0.0,0.04509861652127227,6x212,126x6,0.038599700084887445
67,original,NMF,32-18-10-6,4,0.0,0.052032393452696606,6x212,126x6,0.03904669999610633
68,original,NMF,32-18-10-6,4,0.0,0.05844289857697022,6x212,126x6,0.03796019998844713
69,original,NMF,32-18-10-6,4,0.0,0.06512332667337592,6x212,126x6,0.04268930002581328
70,original,NMF,32-18-10-6,4,0.0,0.05308471722349247,6x212,126x6,0.042281300062313676
71,original,NMF,32-18-10-6,4,0.0,0.05872160804463153,6x212,126x6,0.038436500006355345
72,original,NMF,32-18-10-6,4,0.0,0.06019536858765029,6x212,126x6,0.03928719996474683
73,original,NMF,32-18-10-6,4,0.0,0.06151623589236296,6x212,126x6,0.037445400026626885
74,original,NMF,32-18-10-6,4,0.0,0.05669406163705476,6x212,126x6,0.03732459992170334
75,original,NMF,32-18-10-6,4,0.0,0.06706206504265916,6x212,126x6,0.03880520001985133
76,original,NMF,32-18-10-6,4,0.0,0.048804177311201895,6x212,126x6,0.03835460008122027
77,original,NMF,32-18-10-6,4,0.0,0.05389433394283826,6x212,126x6,0.0377038000151515
78,original,NMF,32-18-10-6,4,0.0,0.06653384370797133,6x212,126x6,0.037874899921007454
79,original,NMF,32-18-10-6,4,0.0,0.0590442962187338,6x212,126x6,0.03762990003451705
80,original,NMF,32-18-10-6,4,0.0,0.06293666177730989,6x212,126x6,0.03914850007276982
81,original,NMF,32-18-10-6,4,0.0,0.056027797088356195,6x212,126x6,0.03821739996783435
82,original,NMF,32-18-10-6,4,0.0,0.05942727591795309,6x212,126x6,0.03857980004977435
83,original,NMF,32-18-10-6,4,0.0,0.05978177424811025,6x212,126x6,0.037792099989019334
84,original,NMF,32-18-10-6,4,0.0,0.051561674685089494,6x212,126x6,0.036337100085802376
85,original,NMF,32-18-10-6,4,0.0,0.06604989620388946,6x212,126x6,0.03728190006222576
86,original,NMF,32-18-10-6,4,0.0,0.06949257843692101,6x212,126x6,0.03764130000490695
87,original,NMF,32-18-10-6,4,0.0,0.05930504456361142,6x212,126x6,0.039518099976703525
88,original,NMF,32-18-10-6,4,0.0,0.048104327031475186,6x212,126x6,0.0375680000288412
89,original,NMF,32-18-10-6,4,0.0,0.05792808984320665,6x212,126x6,0.03648040001280606
90,original,NMF,32-18-10-6,4,0.0,0.06380620997798042,6x212,126x6,0.03658780001569539
91,original,NMF,32-18-10-6,4,0.0,0.05426985356038365,6x212,126x6,0.037864599958993495
92,original,NMF,32-18-10-6,4,0.0,0.06220679619224105,6x212,126x6,0.038144799997098744
93,original,NMF,32-18-10-6,4,0.0,0.0670403192612391,6x212,126x6,0.037619000067934394
94,original,NMF,32-18-10-6,4,0.0,0.05536535162079038,6x212,126x6,0.03855749999638647
95,original,NMF,32-18-10-6,4,0.0,0.06771945549942612,6x212,126x6,0.03701620001811534
96,original,NMF,32-18-10-6,4,0.0,0.06976404274932713,6x212,126x6,0.036974199931137264
97,original,NMF,32-18-10-6,4,0.0,0.05737346339502774,6x212,126x6,0.04244660004042089
98,original,NMF,32-18-10-6,4,0.0,0.04515771699880611,6x212,126x6,0.04106590000446886
99,original,NMF,32-18-10-6,4,0.0,0.04313059672829633,6x212,126x6,0.03725589998066425
100,original,NMF,32-18-10-6,4,0.0,0.03937290469028431,6x212,126x6,0.039174600038677454
101,original,NMF,32-18-10-6,4,0.0,0.042416032638517606,6x212,126x6,0.03668869996909052
102,original,NMF,32-18-10-6,4,0.0,0.041931011589714816,6x212,126x6,0.03709240001626313
103,original,NMF,32-18-10-6,4,0.0,0.042863894878984045,6x212,126x6,0.03772909997496754
104,original,NMF,32-18-10-6,4,0.0,0.03849805250568363,6x212,126x6,0.037535900017246604
105,original,NMF,32-18-10-6,4,0.0,0.0434160357172429,6x212,126x6,0.03859889996238053
106,original,NMF,32-18-10-6,4,0.0,0.038497880550906194,6x212,126x6,0.03810169990174472
107,original,NMF,32-18-10-6,4,0.0,0.046026985854394,6x212,126x6,0.03633030003402382
108,original,NMF,32-18-10-6,4,0.0,0.038811582742581285,6x212,126x6,0.03734230005647987
109,original,NMF,32-18-10-6,4,0.0,0.050834988713192385,6x212,126x6,0.03636939998250455
110,original,NMF,32-18-10-6,4,0.0,0.042054807191797126,6x212,126x6,0.03570049989502877
111,original,NMF,32-18-10-6,4,0.0,0.03963003491072309,6x212,126x6,0.036766599980182946
112,original,NMF,32-18-10-6,4,0.0,0.04600869546475733,6x212,126x6,0.03959619998931885
113,original,NMF,32-18-10-6,4,0.0,0.05444117558669765,6x212,126x6,0.03769369993824512
114,original,NMF,32-18-10-6,4,0.0,0.03979629100270859,6x212,126x6,0.03669480001553893
115,original,NMF,32-18-10-6,4,0.0,0.04135235789181377,6x212,126x6,0.03868009999860078
116,original,NMF,32-18-10-6,4,0.0,0.03792024085244394,6x212,126x6,0.03732500004116446
117,original,NMF,32-18-10-6,4,0.0,0.04746151292547259,6x212,126x6,0.037724100053310394
118,original,NMF,32-18-10-6,4,0.0,0.042729238976308065,6x212,126x6,0.03885830007493496
119,original,NMF,32-18-10-6,4,0.0,0.0486996032261331,6x212,126x6,0.036620100028812885
120,original,NMF,32-18-10-6,4,0.0,0.0450322273428203,6x212,126x6,0.038101499900221825
121,original,NMF,32-18-10-6,4,0.0,0.055623315372660395,6x212,126x6,0.03683610004372895
122,original,NMF,32-18-10-6,4,0.0,0.04200818953241523,6x212,126x6,0.03885939996689558
123,original,NMF,32-18-10-6,4,0.0,0.040946836831648806,6x212,126x6,0.03703010000754148
124,original,NMF,32-18-10-6,4,0.0,0.045094720005675805,6x212,126x6,0.0378711000084877
125,original,NMF,32-18-10-6,4,0.0,0.056450740628136986,6x212,126x6,0.04088969994336367
126,original,NMF,32-18-10-6,4,0.0,0.046382088851983326,6x212,126x6,0.03896469995379448
127,original,NMF,32-18-10-6,4,0.0,0.054689665385160735,6x212,126x6,0.03886129998136312
128,original,NMF,32-18-10-6,4,0.0,0.05044274153665456,6x212,126x6,0.03739720000885427
129,original,NMF,32-18-10-6,4,0.0,0.046107851570406796,6x212,126x6,0.03754070005379617
130,original,NMF,32-18-10-6,4,0.0,0.04918773653334908,6x212,126x6,0.03889199998229742
131,original,NMF,32-18-10-6,4,0.0,0.05728235727526163,6x212,126x6,0.03827270003966987
132,original,NMF,32-18-10-6,4,0.0,0.05818704937681698,6x212,126x6,0.0383542999625206
133,original,NMF,32-18-10-6,4,0.0,0.046608334386624393,6x212,126x6,0.038900099927559495
134,original,NMF,32-18-10-6,4,0.0,0.06072389334159731,6x212,126x6,0.039301699958741665
135,original,NMF,32-18-10-6,4,0.0,0.05147944815059585,6x212,126x6,0.03877680003643036
136,original,NMF,32-18-10-6,4,0.0,0.052033436830895036,6x212,126x6,0.038703500060364604
137,original,NMF,32-18-10-6,4,0.0,0.059437637891569015,6x212,126x6,0.038749099941924214
138,original,NMF,32-18-10-6,4,0.0,0.051554798604347085,6x212,126x6,0.03861149994190782
139,original,NMF,32-18-10-6,4,0.0,0.0540598660973588,6x212,126x6,0.0373064000159502
140,original,NMF,32-18-10-6,4,0.0,0.05093771208701393,6x212,126x6,0.03836640005465597
141,original,NMF,32-18-10-6,4,0.0,0.06407996060228714,6x212,126x6,0.038344800006598234
142,original,NMF,32-18-10-6,4,0.0,0.05186732888868067,6x212,126x6,0.03734140004962683
143,original,NMF,32-18-10-6,4,0.0,0.05642600027308515,6x212,126x6,0.039601100026629865
144,original,NMF,32-18-10-6,4,0.0,0.0540343131821962,6x212,126x6,0.037914999993517995
145,original,NMF,32-18-10-6,4,0.0,0.05319028885170521,6x212,126x6,0.043857599957846105
146,original,NMF,32-18-10-6,4,0.0,0.05117198635529029,6x212,126x6,0.03801789996214211
147,original,NMF,32-18-10-6,4,0.0,0.058459798872599625,6x212,126x6,0.0376336999470368
148,original,NMF,32-18-10-6,4,0.0,0.040234499104170984,6x212,126x6,0.037239299970678985
149,original,NMF,32-18-10-6,4,0.0,0.052014180052930445,6x212,126x6,0.038846799987368286
150,original,NMF,32-18-10-6,4,0.0,0.04523825450898283,6x212,126x6,0.03693080006632954
151,original,NMF,32-18-10-6,4,0.0,0.058936731316819285,6x212,126x6,0.03821860009338707
152,original,NMF,32-18-10-6,4,0.0,0.0675478663080357,6x212,126x6,0.03712130000349134
153,original,NMF,32-18-10-6,4,0.0,0.05552799090209621,6x212,126x6,0.043021999998018146
154,original,NMF,32-18-10-6,4,0.0,0.057184085294132735,6x212,126x6,0.038446699967607856
155,original,NMF,32-18-10-6,4,0.0,0.059832911925238146,6x212,126x6,0.039444099995307624
156,original,NMF,32-18-10-6,4,0.0,0.04507075240953319,6x212,126x6,0.03885030001401901
157,original,NMF,32-18-10-6,4,0.0,0.07385300316260689,6x212,126x6,0.03676439996343106
158,original,NMF,32-18-10-6,4,0.0,0.0671160831737238,6x212,126x6,0.038888199953362346
159,original,NMF,32-18-10-6,4,0.0,0.06809748253264933,6x212,126x6,0.037654399988241494
160,original,NMF,32-18-10-6,4,0.0,0.08362469974480853,6x212,126x6,0.03937829995993525
161,original,NMF,32-18-10-6,4,0.0,0.07635536081811406,6x212,126x6,0.03826559998560697
162,original,NMF,32-18-10-6,4,0.0,0.058641954072289657,6x212,126x6,0.038152099936269224
163,original,NMF,32-18-10-6,4,0.0,0.06900792969613324,6x212,126x6,0.03789169993251562
164,original,NMF,32-18-10-6,4,0.0,0.07029141290651598,6x212,126x6,0.03805630002170801
165,original,NMF,32-18-10-6,4,0.0,0.08668538515683276,6x212,126x6,0.03875309997238219
166,original,NMF,32-18-10-6,4,0.0,0.07105715386810668,6x212,126x6,0.038765499950386584
167,original,NMF,32-18-10-6,4,0.0,0.08596562850083353,6x212,126x6,0.03768870001658797
168,original,NMF,32-18-10-6,4,0.0,0.07567523447019858,6x212,126x6,0.03866409999318421
169,original,NMF,32-18-10-6,4,0.0,0.07983518954609434,6x212,126x6,0.039180299965664744
170,original,NMF,32-18-10-6,4,0.0,0.07335209675494513,6x212,126x6,0.03706669993698597
171,original,NMF,32-18-10-6,4,0.0,0.07390372541575872,6x212,126x6,0.03584139992017299
172,original,NMF,32-18-10-6,4,0.0,0.07734441098656691,6x212,126x6,0.036679500015452504
173,original,NMF,32-18-10-6,4,0.0,0.08124449290997188,6x212,126x6,0.038070700014941394
174,original,NMF,32-18-10-6,4,0.0,0.07002744310959957,6x212,126x6,0.037417300045490265
175,original,NMF,32-18-10-6,4,0.0,0.06766397026231771,6x212,126x6,0.03849090007133782
176,original,NMF,32-18-10-6,4,0.0,0.07099650568757837,6x212,126x6,0.03896579996217042
177,original,NMF,32-18-10-6,4,0.0,0.08475300124626119,6x212,126x6,0.03785490000154823
178,original,NMF,32-18-10-6,4,0.0,0.07295391719101003,6x212,126x6,0.037887100013904274
179,original,NMF,32-18-10-6,4,0.0,0.07491996892975537,6x212,126x6,0.03729230002500117
180,original,NMF,32-18-10-6,4,0.0,0.07990995021093299,6x212,126x6,0.04087019991129637
181,original,NMF,32-18-10-6,4,0.0,0.07226400796600388,6x212,126x6,0.04180170001927763
182,original,NMF,32-18-10-6,4,0.0,0.07211776440983646,6x212,126x6,0.041140199988149107
183,original,NMF,32-18-10-6,4,0.0,0.06031452028940965,6x212,126x6,0.03761500003747642
184,original,NMF,32-18-10-6,4,0.0,0.0850407602484322,6x212,126x6,0.03878689999692142
185,original,NMF,32-18-10-6,4,0.0,0.07447064880933532,6x212,126x6,0.04124379996210337
186,original,NMF,32-18-10-6,4,0.0,0.08145567906443482,6x212,126x6,0.03730059997178614
187,original,NMF,32-18-10-6,4,0.0,0.06896721939809128,6x212,126x6,0.038152200053445995
188,original,NMF,32-18-10-6,4,0.0,0.07174714746941097,6x212,126x6,0.03858349996153265
189,original,NMF,32-18-10-6,4,0.0,0.07540397829386505,6x212,126x6,0.038983099977485836
190,original,NMF,32-18-10-6,4,0.0,0.08026580668685196,6x212,126x6,0.03871539991814643
191,original,NMF,32-18-10-6,4,0.0,0.07417365973139915,6x212,126x6,0.03781260002870113
192,original,NMF,32-18-10-6,4,0.0,0.08529238557456,6x212,126x6,0.036872200085781515
193,original,NMF,32-18-10-6,4,0.0,0.10525988070692675,6x212,126x6,0.03839600004721433
194,original,NMF,32-18-10-6,4,0.0,0.12165869117326021,6x212,126x6,0.037422899971716106
195,original,NMF,32-18-10-6,4,0.0,0.12238126838037652,6x212,126x6,0.04006049991585314
196,original,NMF,32-18-10-6,4,0.0,0.13646521259508723,6x212,126x6,0.037440999993123114
197,original,NMF,32-18-10-6,4,0.0,0.12783843507576886,6x212,126x6,0.03903320000972599
198,original,NMF,32-18-10-6,4,0.0,0.15085988616975834,6x212,126x6,0.03763330006040633
199,original,NMF,32-18-10-6,4,0.0,0.13312462754857143,6x212,126x6,0.0372212000656873
200,original,NMF,32-18-10-6,4,0.0,0.14449776180371696,6x212,126x6,0.03774840000551194
201,original,NMF,32-18-10-6,4,0.0,0.1317206283717567,6x212,126x6,0.03617169999051839
202,original,NMF,32-18-10-6,4,0.0,0.16793198997516723,6x212,126x6,0.03728699998464435
203,original,NMF,32-18-10-6,4,0.0,0.14603529112096925,6x212,126x6,0.038440999924205244
204,original,NMF,32-18-10-6,4,0.0,0.13461712777446716,6x212,126x6,0.0375600999686867
205,original,NMF,32-18-10-6,4,0.0,0.16132979773870024,6x212,126x6,0.03732320002745837
206,original,NMF,32-18-10-6,4,0.0,0.16969359772455944,6x212,126x6,0.0380081000039354
207,original,NMF,32-18-10-6,4,0.0,0.1520758169028138,6x212,126x6,0.03874450002331287
208,original,NMF,32-18-10-6,4,0.0,0.14932519608869863,6x212,126x6,0.04100319999270141
209,original,NMF,32-18-10-6,4,0.0,0.15867757510100414,6x212,126x6,0.041274200077168643
210,original,NMF,32-18-10-6,4,0.0,0.14519716655619758,6x212,126x6,0.037886900012381375
211,original,NMF,32-18-10-6,4,0.0,0.14948368803206785,6x212,126x6,0.03849970002193004
212,original,NMF,32-18-10-6,4,0.0,0.15322248699463498,6x212,126x6,0.037805400090292096
213,original,NMF,32-18-10-6,4,0.0,0.14126570437319325,6x212,126x6,0.03810050000902265
214,original,NMF,32-18-10-6,4,0.0,0.16573417556549155,6x212,126x6,0.03756430000066757
215,original,NMF,32-18-10-6,4,0.0,0.1461002802204464,6x212,126x6,0.03853769996203482
216,original,NMF,32-18-10-6,4,0.0,0.13072609867081914,6x212,126x6,0.03769310005009174
217,original,NMF,32-18-10-6,4,0.0,0.14489064474672134,6x212,126x6,0.03690199996344745
218,original,NMF,32-18-10-6,4,0.0,0.14426317134125521,6x212,126x6,0.03791009995620698
219,original,NMF,32-18-10-6,4,0.0,0.1395294107173028,6x212,126x6,0.03838949999772012
220,original,NMF,32-18-10-6,4,0.0,0.13118911629414162,6x212,126x6,0.03816920006647706
221,original,NMF,32-18-10-6,4,0.0,0.15315057436218696,6x212,126x6,0.03811840002890676
222,original,NMF,32-18-10-6,4,0.0,0.1430118991114748,6x212,126x6,0.03925469995010644
223,original,NMF,32-18-10-6,4,0.0,0.13645787210702381,6x212,126x6,0.037672000005841255
224,original,NMF,32-18-10-6,4,0.0,0.14813613993892003,6x212,126x6,0.038546200026758015
225,original,NMF,32-18-10-6,4,0.0,0.14342012606096188,6x212,126x6,0.03940050001256168
226,original,NMF,32-18-10-6,4,0.0,0.15517836816367517,6x212,126x6,0.03821820009034127
227,original,NMF,32-18-10-6,4,0.0,0.16028256829756307,6x212,126x6,0.03720750007778406
228,original,NMF,32-18-10-6,4,0.0,0.1492083877649367,6x212,126x6,0.03802650002762675
229,original,NMF,32-18-10-6,4,0.0,0.1556559576512031,6x212,126x6,0.037009499967098236
230,original,NMF,32-18-10-6,4,0.0,0.1554549142309651,6x212,126x6,0.03747569990810007
231,original,NMF,32-18-10-6,4,0.0,0.1488174932344824,6x212,126x6,0.0367347999708727
232,original,NMF,32-18-10-6,4,0.0,0.14933839125934326,6x212,126x6,0.037618399946950376
233,original,NMF,32-18-10-6,4,0.0,0.16802523229086433,6x212,126x6,0.03880790004041046
234,original,NMF,32-18-10-6,4,0.0,0.14618916580660724,6x212,126x6,0.03753960004542023
235,original,NMF,32-18-10-6,4,0.0,0.16028514385398449,6x212,126x6,0.037544599967077374
236,original,NMF,32-18-10-6,4,0.0,0.15423962598650368,6x212,126x6,0.04112059995532036
237,original,NMF,32-18-10-6,4,0.0,0.1471072764033482,6x212,126x6,0.03989090002141893
238,original,NMF,32-18-10-6,4,0.0,0.1628084287115616,6x212,126x6,0.038784700096584857
239,original,NMF,32-18-10-6,4,0.0,0.14691575093288953,6x212,126x6,0.03921610000543296
240,original,NMF,32-18-10-6,4,0.0,0.14086849431381626,6x212,126x6,0.038126799976453185
241,original,NMF,32-18-10-6,4,0.0,0.1472166340192036,6x212,126x6,0.036994899972341955
242,original,NMF,32-18-10-6,4,0.0,0.13994301280755436,6x212,126x6,0.03793439990840852
243,original,NMF,32-18-10-6,4,0.0,0.1500352534281148,6x212,126x6,0.038172899978235364
244,original,NMF,32-18-10-6,4,0.0,0.14221313505160302,6x212,126x6,0.038005299982614815
245,original,NMF,32-18-10-6,4,0.0,0.14754326200134923,6x212,126x6,0.037800899939611554
246,original,NMF,32-18-10-6,4,0.0,0.14665303350337947,6x212,126x6,0.0368091999553144
247,original,NMF,32-18-10-6,4,0.0,0.11476712911191371,6x212,126x6,0.038702999940142035
248,original,NMF,32-18-10-6,4,0.0,0.10808667657798136,6x212,126x6,0.03847280004993081
249,original,NMF,32-18-10-6,4,0.0,0.10627360081007203,6x212,126x6,0.03781090001575649
250,original,NMF,32-18-10-6,4,0.0,0.1255486284930504,6x212,126x6,0.03992460004519671
251,original,NMF,32-18-10-6,4,0.0,0.10688711010217948,6x212,126x6,0.03776129998732358
252,original,NMF,32-18-10-6,4,0.0,0.1127900115666282,6x212,126x6,0.03883890004362911
253,original,NMF,32-18-10-6,4,0.0,0.09837377277282604,6x212,126x6,0.037276400020346045
254,original,NMF,32-18-10-6,4,0.0,0.12965019298760103,6x212,126x6,0.03820129996165633
255,original,NMF,32-18-10-6,4,0.0,0.12440781121668432,6x212,126x6,0.03807819995563477
256,original,NMF,32-18-10-6,4,0.0,0.13831950318711722,6x212,126x6,0.03838059992995113
257,original,NMF,32-18-10-6,4,0.0,0.12000031394467121,6x212,126x6,0.03892159997485578
258,original,NMF,32-18-10-6,4,0.0,0.11758126814053936,6x212,126x6,0.038426100043579936
259,original,NMF,32-18-10-6,4,0.0,0.11881523273077509,6x212,126x6,0.03559680003672838
260,original,NMF,32-18-10-6,4,0.0,0.0978583767491476,6x212,126x6,0.03607899998314679
261,original,NMF,32-18-10-6,4,0.0,0.12194765780732766,6x212,126x6,0.03767429990693927
262,original,NMF,32-18-10-6,4,0.0,0.11740475899535951,6x212,126x6,0.03761460003443062
263,original,NMF,32-18-10-6,4,0.0,0.10874581846204726,6x212,126x6,0.037145999958738685
264,original,NMF,32-18-10-6,4,0.0,0.1229031428279038,6x212,126x6,0.042248499928973615
265,original,NMF,32-18-10-6,4,0.0,0.11311806795110756,6x212,126x6,0.04041839996352792
266,original,NMF,32-18-10-6,4,0.0,0.1589591353870084,6x212,126x6,0.038968499982729554
267,original,NMF,32-18-10-6,4,0.0,0.16361653567415202,6x212,126x6,0.0369522999972105
268,original,NMF,32-18-10-6,4,0.0,0.13256857304994749,6x212,126x6,0.036873499979265034
269,original,NMF,32-18-10-6,4,0.0,0.10540852630276121,6x212,126x6,0.038689699955284595
270,original,NMF,32-18-10-6,4,0.0,0.17181506629465282,6x212,126x6,0.037697199964895844
271,original,NMF,32-18-10-6,4,0.0,0.10841635683180526,6x212,126x6,0.03901389997918159
272,original,NMF,32-18-10-6,4,0.0,0.15174241606736144,6x212,126x6,0.039489899994805455
273,original,NMF,32-18-10-6,4,0.0,0.10524675011543183,6x212,126x6,0.03793809993658215
274,original,NMF,32-18-10-6,4,0.0,0.1109915016017285,6x212,126x6,0.03661439998541027
275,original,NMF,32-18-10-6,4,0.0,0.09497961380992058,6x212,126x6,0.0365475999424234
276,original,NMF,32-18-10-6,4,0.0,0.14687643466147482,6x212,126x6,0.03754950000438839
277,original,NMF,32-18-10-6,4,0.0,0.1630701832347626,6x212,126x6,0.03865250002127141
278,original,NMF,32-18-10-6,4,0.0,0.15135936700629926,6x212,126x6,0.03712300001643598
279,original,NMF,32-18-10-6,4,0.0,0.12621827094970647,6x212,126x6,0.03781090001575649
280,original,NMF,32-18-10-6,4,0.0,0.15483958597474667,6x212,126x6,0.039811599999666214
281,original,NMF,32-18-10-6,4,0.0,0.1546400616236279,6x212,126x6,0.040021599968895316
282,original,NMF,32-18-10-6,4,0.0,0.16454583544545368,6x212,126x6,0.03755270002875477
283,original,NMF,32-18-10-6,4,0.0,0.15468838679758531,6x212,126x6,0.03658749989699572
284,original,NMF,32-18-10-6,4,0.0,0.14270489217022728,6x212,126x6,0.036341600003652275
285,original,NMF,32-18-10-6,4,0.0,0.13690647227707872,6x212,126x6,0.039451099932193756
286,original,NMF,32-18-10-6,4,0.0,0.15704216850451708,6x212,126x6,0.037189200054854155
287,original,NMF,32-18-10-6,4,0.0,0.15230799409315116,6x212,126x6,0.03658549999818206
288,original,NMF,32-18-10-6,4,0.0,0.14621036270391533,6x212,126x6,0.03846189996693283
289,original,NMF,32-18-10-6,4,0.0,0.1383604264068755,6x212,126x6,0.03688129992224276
290,original,NMF,32-18-10-6,4,0.0,0.16997147002782426,6x212,126x6,0.038532800041139126
291,original,NMF,32-18-10-6,4,0.0,0.16308269988771448,6x212,126x6,0.03784360003191978
292,original,NMF,32-18-10-6,4,0.0,0.14598424661779696,6x212,126x6,0.041805399931035936
293,original,NMF,32-18-10-6,4,0.0,0.1532111190344234,6x212,126x6,0.04108929994981736
294,original,NMF,32-18-10-6,4,0.0,0.14866832199773272,6x212,126x6,0.04029379994608462
295,original,NMF,32-18-10-6,4,0.0,0.143041937549377,6x212,126x6,0.03674929996486753
296,original,NMF,32-18-10-6,4,0.0,0.13279026923452203,6x212,126x6,0.03855990001466125
297,original,NMF,32-18-10-6,4,0.0,0.15292884504167625,6x212,126x6,0.038260199944488704
298,original,NMF,32-18-10-6,4,0.0,0.16007412688791986,6x212,126x6,0.04005990002769977
299,original,NMF,32-18-10-6,4,0.0,0.12728024691153764,6x212,126x6,0.03795420005917549
300,original,NMF,32-18-10-6,4,0.0,0.14143839492974034,6x212,126x6,0.03771389997564256
301,original,NMF,32-18-10-6,4,0.0,0.14365306191768112,6x212,126x6,0.03797089995350689
302,original,NMF,32-18-10-6,4,0.0,0.15172334985867403,6x212,126x6,0.03841809998266399
303,original,NMF,32-18-10-6,4,0.0,0.144777006832153,6x212,126x6,0.037031800020486116
304,original,NMF,32-18-10-6,4,0.0,0.14650528661901469,6x212,126x6,0.037512099952436984
305,original,NMF,32-18-10-6,4,0.0,0.1429902623217296,6x212,126x6,0.03860750002786517
306,original,NMF,32-18-10-6,4,0.0,0.13930149582063187,6x212,126x6,0.03770359989721328
307,original,NMF,32-18-10-6,4,0.0,0.1531449440936875,6x212,126x6,0.0371702000265941
308,original,NMF,32-18-10-6,4,0.0,0.14725728424891849,6x212,126x6,0.03954719996545464
309,original,NMF,32-18-10-6,4,0.0,0.15404642080379993,6x212,126x6,0.03766290005296469
310,original,NMF,32-18-10-6,4,0.0,0.11834071637816103,6x212,126x6,0.03749359992798418
311,original,NMF,32-18-10-6,4,0.0,0.10778820432660433,6x212,126x6,0.03772849997039884
312,original,NMF,32-18-10-6,4,0.0,0.1282905821294103,6x212,126x6,0.036929700057953596
313,original,NMF,32-18-10-6,4,0.0,0.10625501396604066,6x212,126x6,0.03849260008428246
314,original,NMF,32-18-10-6,4,0.0,0.13404415114265783,6x212,126x6,0.03661529999226332
315,original,NMF,32-18-10-6,4,0.0,0.1535197020759123,6x212,126x6,0.03766949998680502
316,original,NMF,32-18-10-6,4,0.0,0.13594945899774924,6x212,126x6,0.039314999943599105
317,original,NMF,32-18-10-6,4,0.0,0.12991610849626115,6x212,126x6,0.04000779998023063
318,original,NMF,32-18-10-6,4,0.0,0.15207934983452476,6x212,126x6,0.03717929997947067
319,original,NMF,32-18-10-6,4,0.0,0.14577975792341827,6x212,126x6,0.03935089998412877
320,original,NMF,32-18-10-6,4,0.0,0.15376887300682612,6x212,126x6,0.04148170002736151
321,original,NMF,32-18-10-6,4,0.0,0.12942421479312072,6x212,126x6,0.04099130001850426
322,original,NMF,32-18-10-6,4,0.0,0.14782960484542765,6x212,126x6,0.03831460000947118
323,original,NMF,32-18-10-6,4,0.0,0.16292273878908606,6x212,126x6,0.03819440002553165
324,original,NMF,32-18-10-6,4,0.0,0.14141564297355275,6x212,126x6,0.03936669998802245
325,original,NMF,32-18-10-6,4,0.0,0.16652690096368478,6x212,126x6,0.03753029997460544
326,original,NMF,32-18-10-6,4,0.0,0.14706894149058217,6x212,126x6,0.037344599957577884
327,original,NMF,32-18-10-6,4,0.0,0.11253181596711542,6x212,126x6,0.03756269998848438
328,original,NMF,32-18-10-6,4,0.0,0.1679223370347406,6x212,126x6,0.03850549994967878
329,original,NMF,32-18-10-6,4,0.0,0.17474362743898625,6x212,126x6,0.03737090004142374
330,original,NMF,32-18-10-6,4,0.0,0.10094452591193992,6x212,126x6,0.03888790006749332
331,original,NMF,32-18-10-6,4,0.0,0.0914338663910106,6x212,126x6,0.038772800005972385
332,original,NMF,32-18-10-6,4,0.0,0.17287286916138062,6x212,126x6,0.03872349997982383
333,original,NMF,32-18-10-6,4,0.0,0.12628700450107574,6x212,126x6,0.03717749996576458
334,original,NMF,32-18-10-6,4,0.0,0.1575449449404203,6x212,126x6,0.036793099949136376
335,original,NMF,32-18-10-6,4,0.0,0.18381465118520052,6x212,126x6,0.03956329997163266
336,original,NMF,32-18-10-6,4,0.0,0.1758697125384794,6x212,126x6,0.03838329995051026
337,original,NMF,32-18-10-6,4,0.0,0.17316134795417681,6x212,126x6,0.03915550000965595
338,original,NMF,32-18-10-6,4,0.0,0.1840937185099572,6x212,126x6,0.037700299988500774
339,original,NMF,32-18-10-6,4,0.0,0.11789020386904384,6x212,126x6,0.037420300068333745
340,original,NMF,32-18-10-6,4,0.0,0.09857937089690523,6x212,126x6,0.03787460003513843
341,original,NMF,32-18-10-6,4,0.0,0.0898851473159475,6x212,126x6,0.03815940010827035
342,original,NMF,32-18-10-6,4,0.0,0.09370976235420936,6x212,126x6,0.03830450004898012
343,original,NMF,32-18-10-6,4,0.0,0.17194873809083916,6x212,126x6,0.03667679999489337
344,original,NMF,32-18-10-6,4,0.0,0.1797610656380419,6x212,126x6,0.038073600037023425
345,original,NMF,32-18-10-6,4,0.0,0.13713841965642265,6x212,126x6,0.04096760007087141
346,original,NMF,32-18-10-6,4,0.0,0.13585657241391877,6x212,126x6,0.037974300095811486
347,original,NMF,32-18-10-6,4,0.0,0.16331721065947252,6x212,126x6,0.03982960002031177
348,original,NMF,32-18-10-6,4,0.0,0.1712443138420854,6x212,126x6,0.04339759994763881
349,original,NMF,32-18-10-6,4,0.0,0.15924829946084493,6x212,126x6,0.040593600017018616
350,original,NMF,32-18-10-6,4,0.0,0.1571927302776521,6x212,126x6,0.039278000011108816
351,original,NMF,32-18-10-6,4,0.0,0.13364100987649655,6x212,126x6,0.0397440999513492
352,original,NMF,32-18-10-6,4,0.0,0.13789159957287356,6x212,126x6,0.03687690000515431
353,original,NMF,32-18-10-6,4,0.0,0.16555390698916264,6x212,126x6,0.03767099999822676
354,original,NMF,32-18-10-6,4,0.0,0.16484416741859523,6x212,126x6,0.03712009999435395
355,original,NMF,32-18-10-6,4,0.0,0.1824328306223373,6x212,126x6,0.036582799977622926
356,original,NMF,32-18-10-6,4,0.0,0.1946967513247573,6x212,126x6,0.039238099940121174
357,original,NMF,32-18-10-6,4,0.0,0.16686683518384623,6x212,126x6,0.03716419998090714
358,original,NMF,32-18-10-6,4,0.0,0.17004440746605753,6x212,126x6,0.03934670006856322
359,original,NMF,32-18-10-6,4,0.0,0.17436859541763577,6x212,126x6,0.0371939999749884
360,original,NMF,32-18-10-6,4,0.0,0.1651799983746482,6x212,126x6,0.03791899990756065
361,original,NMF,32-18-10-6,4,0.0,0.16355408979319994,6x212,126x6,0.03714200004469603
362,original,NMF,32-18-10-6,4,0.0,0.1641791365808862,6x212,126x6,0.038875300087966025
363,original,NMF,32-18-10-6,4,0.0,0.17667877718101296,6x212,126x6,0.038297099992632866
364,original,NMF,32-18-10-6,4,0.0,0.18917681305911918,6x212,126x6,0.03880069998558611
365,original,NMF,32-18-10-6,4,0.0,0.24897209927880665,6x212,126x6,0.03788650000933558
366,original,NMF,32-18-10-6,4,0.0,0.18118956146587317,6x212,126x6,0.038349000038579106
367,original,NMF,32-18-10-6,4,0.0,0.18350629246655392,6x212,126x6,0.0386583999497816
368,original,NMF,32-18-10-6,4,0.0,0.23286043189632608,6x212,126x6,0.03726649994496256
369,original,NMF,32-18-10-6,4,0.0,0.18800773166043702,6x212,126x6,0.0384479999775067
370,original,NMF,32-18-10-6,4,0.0,0.18362408066490635,6x212,126x6,0.03877620003186166
371,original,NMF,32-18-10-6,4,0.0,0.21109518951858466,6x212,126x6,0.03825850004795939
372,original,NMF,32-18-10-6,4,0.0,0.17268370957795134,6x212,126x6,0.03935759991873056
373,original,NMF,32-18-10-6,4,0.0,0.17598901331350864,6x212,126x6,0.03721690003294498
374,original,NMF,32-18-10-6,4,0.0,0.24451720738408358,6x212,126x6,0.03839710005559027
375,original,NMF,32-18-10-6,4,0.0,0.16202259065497665,6x212,126x6,0.040730200009420514
376,original,NMF,32-18-10-6,4,0.0,0.18776643810381344,6x212,126x6,0.04431810008827597
377,original,NMF,32-18-10-6,4,0.0,0.18838632274627098,6x212,126x6,0.0403433000901714
378,original,NMF,32-18-10-6,4,0.0,0.2583133630175018,6x212,126x6,0.03762680001091212
379,original,NMF,32-18-10-6,4,0.0,0.2733448030286578,6x212,126x6,0.039538700017146766
380,original,NMF,32-18-10-6,4,0.0,0.25339875161799413,6x212,126x6,0.038752500084228814
381,original,NMF,32-18-10-6,4,0.0,0.2480502759655248,6x212,126x6,0.03908310004044324
382,original,NMF,32-18-10-6,4,0.0,0.24322104854603327,6x212,126x6,0.03970049996860325
383,original,NMF,32-18-10-6,4,0.0,0.1769304815324432,6x212,126x6,0.03695399989373982
384,original,NMF,32-18-10-6,4,0.0,0.16200259576010756,6x212,126x6,0.03682359994854778
385,original,NMF,32-18-10-6,4,0.0,0.17839773477125964,6x212,126x6,0.03909510001540184
386,original,NMF,32-18-10-6,4,0.0,0.17896250138926145,6x212,126x6,0.036148599931038916
387,original,NMF,32-18-10-6,4,0.0,0.12805296388869494,6x212,126x6,0.03657630004454404
388,original,NMF,32-18-10-6,4,0.0,0.12012642753822193,6x212,126x6,0.03806809999514371
389,original,NMF,32-18-10-6,4,0.0,0.23674998325771232,6x212,126x6,0.03803519997745752
390,original,NMF,32-18-10-6,4,0.0,0.24233656782403537,6x212,126x6,0.040187799953855574
391,original,NMF,32-18-10-6,4,0.0,0.15396736129066207,6x212,126x6,0.03936779999639839
392,original,NMF,32-18-10-6,4,0.0,0.12981258175326202,6x212,126x6,0.03824429993983358
393,original,NMF,32-18-10-6,4,0.0,0.10807246590583733,6x212,126x6,0.03824300004635006
394,original,NMF,32-18-10-6,4,0.0,0.11464893628300411,6x212,126x6,0.03854730003513396
395,original,NMF,32-18-10-6,4,0.0,0.10345679555688828,6x212,126x6,0.03832119994331151
396,original,NMF,32-18-10-6,4,0.0,0.10116067248010756,6x212,126x6,0.03837510000448674
397,original,NMF,32-18-10-6,4,0.0,0.11514998849604488,6x212,126x6,0.036597599973902106
398,original,NMF,32-18-10-6,4,0.0,0.08727812595466321,6x212,126x6,0.03847989998757839
399,original,NMF,32-18-10-6,4,0.0,0.07900176627687208,6x212,126x6,0.03740460006520152
400,original,NMF,32-18-10-6,4,0.0,0.13023697169824838,6x212,126x6,0.037097500055097044
401,original,NMF,32-18-10-6,4,0.0,0.13328990656884,6x212,126x6,0.03714479994960129
402,original,NMF,32-18-10-6,4,0.0,0.1449295358248511,6x212,126x6,0.03747159999329597
403,original,NMF,32-18-10-6,4,0.0,0.11788189285387313,6x212,126x6,0.04168630007188767
404,original,NMF,32-18-10-6,4,0.0,0.12144595738490205,6x212,126x6,0.041122900089249015
405,original,NMF,32-18-10-6,4,0.0,0.15740775365872034,6x212,126x6,0.03898700000718236
406,original,NMF,32-18-10-6,4,0.0,0.10955380038355804,6x212,126x6,0.038264599977992475
407,original,NMF,32-18-10-6,4,0.0,0.14019889400842772,6x212,126x6,0.03694369993172586
408,original,NMF,32-18-10-6,4,0.0,0.12135718478060047,6x212,126x6,0.037217300035990775
409,original,NMF,32-18-10-6,4,0.0,0.14044560588016003,6x212,126x6,0.04016500001307577
410,original,NMF,32-18-10-6,4,0.0,0.1421633580194352,6x212,126x6,0.03866680001374334
411,original,NMF,32-18-10-6,4,0.0,0.13990418806350705,6x212,126x6,0.037302999990060925
412,original,NMF,32-18-10-6,4,0.0,0.20117903844064844,6x212,126x6,0.039014499983750284
413,original,NMF,32-18-10-6,4,0.0,0.15798111725961272,6x212,126x6,0.03699669998604804
414,original,NMF,32-18-10-6,4,0.0,0.1611658083395248,6x212,126x6,0.03774549998342991
415,original,NMF,32-18-10-6,4,0.0,0.15477388687365282,6x212,126x6,0.04142700007651001
416,original,NMF,32-18-10-6,4,0.0,0.14779607811345055,6x212,126x6,0.0368671000469476
417,original,NMF,32-18-10-6,4,0.0,0.1789905059246814,6x212,126x6,0.03858659998513758
418,original,NMF,32-18-10-6,4,0.0,0.17762619042575262,6x212,126x6,0.03811560000758618
419,original,NMF,32-18-10-6,4,0.0,0.12083920476797333,6x212,126x6,0.039464800036512315
420,original,NMF,32-18-10-6,4,0.0,0.125601584116322,6x212,126x6,0.037220400059595704
421,original,NMF,32-18-10-6,4,0.0,0.10314198647640214,6x212,126x6,0.037411299999803305
422,original,NMF,32-18-10-6,4,0.0,0.1553776797460827,6x212,126x6,0.03851590002886951
423,original,NMF,32-18-10-6,4,0.0,0.09315477130875859,6x212,126x6,0.037520800018683076
424,original,NMF,32-18-10-6,4,0.0,0.11249936095888344,6x212,126x6,0.0381087000714615
425,original,NMF,32-18-10-6,4,0.0,0.22666643179936602,6x212,126x6,0.03735900006722659
426,original,NMF,32-18-10-6,4,0.0,0.19389423710468792,6x212,126x6,0.03733840002678335
427,original,NMF,32-18-10-6,4,0.0,0.168888572526006,6x212,126x6,0.036436400027014315
428,original,NMF,32-18-10-6,4,0.0,0.18199136599647153,6x212,126x6,0.03740630007814616
429,original,NMF,32-18-10-6,4,0.0,0.17586695184185952,6x212,126x6,0.03776199999265373
430,original,NMF,32-18-10-6,4,0.0,0.18370778120154782,6x212,126x6,0.03893319994676858
431,original,NMF,32-18-10-6,4,0.0,0.22604454983516192,6x212,126x6,0.04315759998280555
432,original,NMF,32-18-10-6,4,0.0,0.16961090264669357,6x212,126x6,0.04105230001732707
433,original,NMF,32-18-10-6,4,0.0,0.1203490148187769,6x212,126x6,0.03819170000497252
434,original,NMF,32-18-10-6,4,0.0,0.11517946067604508,6x212,126x6,0.03770280000753701
435,original,NMF,32-18-10-6,4,0.0,0.11816167875683113,6x212,126x6,0.037682199967093766
436,original,NMF,32-18-10-6,4,0.0,0.11865709708615099,6x212,126x6,0.038138699950650334
437,original,NMF,32-18-10-6,4,0.0,0.12593895315847956,6x212,126x6,0.037997899926267564
438,original,NMF,32-18-10-6,4,0.0,0.12645965321812325,6x212,126x6,0.03776039998047054
439,original,NMF,32-18-10-6,4,0.0,0.18767283899102716,6x212,126x6,0.038248099968768656
440,original,NMF,32-18-10-6,4,0.0,0.18261531011573123,6x212,126x6,0.03694829996675253
441,original,NMF,32-18-10-6,4,0.0,0.18600431572514026,6x212,126x6,0.03800860000774264
442,original,NMF,32-18-10-6,4,0.0,0.2018106179214833,6x212,126x6,0.03726209991145879
443,original,NMF,32-18-10-6,4,0.0,0.17338659415464586,6x212,126x6,0.04053040000144392
444,original,NMF,32-18-10-6,4,0.0,0.1718155096678739,6x212,126x6,0.03789679997134954
445,original,NMF,32-18-10-6,4,0.0,0.11211814287095342,6x212,126x6,0.03860440000426024
446,original,NMF,32-18-10-6,4,0.0,0.12028631764938152,6x212,126x6,0.038273700047284365
447,original,NMF,32-18-10-6,4,0.0,0.11595729311763894,6x212,126x6,0.03680130001157522
448,original,NMF,32-18-10-6,4,0.0,0.1394228700459257,6x212,126x6,0.0384782999753952
449,original,NMF,32-18-10-6,4,0.0,0.13560938869793587,6x212,126x6,0.03578969999216497
450,original,NMF,32-18-10-6,4,0.0,0.14995629327988225,6x212,126x6,0.03699119994416833
451,original,NMF,32-18-10-6,4,0.0,0.18497618825971002,6x212,126x6,0.037828999920748174
452,original,NMF,32-18-10-6,4,0.0,0.17953206591018023,6x212,126x6,0.038735800073482096
453,original,NMF,32-18-10-6,4,0.0,0.1866200126151518,6x212,126x6,0.03654100000858307
454,original,NMF,32-18-10-6,4,0.0,0.20214988348590832,6x212,126x6,0.03926829993724823
455,original,NMF,32-18-10-6,4,0.0,0.17558904485911253,6x212,126x6,0.036446499987505376
456,original,NMF,32-18-10-6,4,0.0,0.18570808038062447,6x212,126x6,0.03704419999849051
457,original,NMF,32-18-10-6,4,0.0,0.194134003822348,6x212,126x6,0.03727170010097325
458,original,NMF,32-18-10-6,4,0.0,0.17739217888200184,6x212,126x6,0.0411365000763908
459,original,NMF,32-18-10-6,4,0.0,0.1723732506081392,6x212,126x6,0.04012230003718287
460,original,NMF,32-18-10-6,4,0.0,0.16491181384140274,6x212,126x6,0.04041050001978874
461,original,NMF,32-18-10-6,4,0.0,0.1950483673781376,6x212,126x6,0.03906550002284348
462,original,NMF,32-18-10-6,4,0.0,0.17139447765671462,6x212,126x6,0.037714799982495606
463,original,NMF,32-18-10-6,4,0.0,0.19035906657480114,6x212,126x6,0.0374277998926118
464,original,NMF,32-18-10-6,4,0.0,0.17065335004186166,6x212,126x6,0.038817199994809926
465,original,NMF,32-18-10-6,4,0.0,0.17746014934335738,6x212,126x6,0.036990299937315285
466,original,NMF,32-18-10-6,4,0.0,0.20659659648468637,6x212,126x6,0.03755730006378144
467,original,NMF,32-18-10-6,4,0.0,0.16999717315514182,6x212,126x6,0.03720160003285855
468,original,NMF,32-18-10-6,4,0.0,0.1801280960917458,6x212,126x6,0.0380388000048697
469,original,NMF,32-18-10-6,4,0.0,0.19199138872825253,6x212,126x6,0.03821830009110272
470,original,NMF,32-18-10-6,4,0.0,0.1771372326603198,6x212,126x6,0.036387600004673004
471,original,NMF,32-18-10-6,4,0.0,0.16902517281903454,6x212,126x6,0.03905749996192753
472,original,NMF,32-18-10-6,4,0.0,0.15751568682563047,6x212,126x6,0.03829459997359663
473,original,NMF,32-18-10-6,4,0.0,0.18464312501077926,6x212,126x6,0.03706110001076013
474,original,NMF,32-18-10-6,4,0.0,0.18464065818750483,6x212,126x6,0.04196500009857118
475,original,NMF,32-18-10-6,4,0.0,0.16320289284858686,6x212,126x6,0.03824889997486025
476,original,NMF,32-18-10-6,4,0.0,0.18012356072234212,6x212,126x6,0.03826820000540465
477,original,NMF,32-18-10-6,4,0.0,0.18347650567896137,6x212,126x6,0.03960329992696643
478,original,NMF,32-18-10-6,4,0.0,0.18226460359759633,6x212,126x6,0.037155100028030574
479,original,NMF,32-18-10-6,4,0.0,0.10653750627578042,6x212,126x6,0.037157799932174385
480,original,NMF,32-18-10-6,4,0.0,0.10828790767289936,6x212,126x6,0.03710640000645071
481,original,NMF,32-18-10-6,4,0.0,0.12376398940736442,6x212,126x6,0.04101060004904866
482,original,NMF,32-18-10-6,4,0.0,0.1120991142847851,6x212,126x6,0.0394086999585852
483,original,NMF,32-18-10-6,4,0.0,0.11904162024684437,6x212,126x6,0.03842839994467795
484,original,NMF,32-18-10-6,4,0.0,0.11103445543549802,6x212,126x6,0.037166900001466274
485,original,NMF,32-18-10-6,4,0.0,0.11390542794665627,6x212,126x6,0.038278000080026686
486,original,NMF,32-18-10-6,4,0.0,0.11312054690572095,6x212,126x6,0.0383420999860391
487,original,NMF,32-18-10-6,4,0.0,0.1954347998943123,6x212,126x6,0.04288770002312958
488,original,NMF,32-18-10-6,4,0.0,0.20283783172480171,6x212,126x6,0.0372061999514699
489,original,NMF,32-18-10-6,4,0.0,0.20278851182814056,6x212,126x6,0.037609799997881055
490,original,NMF,32-18-10-6,4,0.0,0.18589386518350517,6x212,126x6,0.03806579997763038
491,original,NMF,32-18-10-6,4,0.0,0.19859613795815112,6x212,126x6,0.03681329998653382
492,original,NMF,32-18-10-6,4,0.0,0.21884652061676255,6x212,126x6,0.0380077000008896
493,original,NMF,32-18-10-6,4,0.0,0.1767634900406534,6x212,126x6,0.03850110003259033
494,original,NMF,32-18-10-6,4,0.0,0.20878810265083683,6x212,126x6,0.037960999994538724
495,original,NMF,32-18-10-6,4,0.0,0.2046242644046603,6x212,126x6,0.03837179997935891
496,original,NMF,32-18-10-6,4,0.0,0.21001345823874937,6x212,126x6,0.03766369994264096
497,original,NMF,32-18-10-6,4,0.0,0.14841820308349749,6x212,126x6,0.040641200030222535
498,original,NMF,32-18-10-6,4,0.0,0.1990047078415953,6x212,126x6,0.03846810001414269
499,original,NMF,32-18-10-6,4,0.0,0.18514692425412527,6x212,126x6,0.037286899983882904
500,original,NMF,32-18-10-6,4,0.0,0.212934098297581,6x212,126x6,0.04165209992788732
501,original,NMF,32-18-10-6,4,0.0,0.180029630237819,6x212,126x6,0.03809350007213652
502,original,NMF,32-18-10-6,4,0.0,0.18328871018609896,6x212,126x6,0.037672100006602705
503,original,NMF,32-18-10-6,4,0.0,0.21375842938754971,6x212,126x6,0.03734409995377064
504,original,NMF,32-18-10-6,4,0.0,0.18756399077317848,6x212,126x6,0.0366839999333024
505,original,NMF,32-18-10-6,4,0.0,0.18628678438375512,6x212,126x6,0.03648759995121509
506,original,NMF,32-18-10-6,4,0.0,0.1793545646810778,6x212,126x6,0.03675560001283884
507,original,NMF,32-18-10-6,4,0.0,0.19748331239509723,6x212,126x6,0.039011099957861006
508,original,NMF,32-18-10-6,4,0.0,0.17554358401913706,6x212,126x6,0.037595000001601875
509,original,NMF,32-18-10-6,4,0.0,0.1830478326832549,6x212,126x6,0.03717210004106164
510,original,NMF,32-18-10-6,4,0.0,0.18796914914915497,6x212,126x6,0.03626720001921058
511,original,NMF,32-18-10-6,4,0.0,0.17759094204232992,6x212,126x6,0.037486599991098046
512,original,NMF,32-18-10-6,4,0.0,0.1745360792732838,6x212,126x6,0.03857810003682971
513,original,NMF,32-18-10-6,4,0.0,0.15431464391602673,6x212,126x6,0.037986300070770085
514,original,NMF,32-18-10-6,4,0.0,0.19325123008723735,6x212,126x6,0.043191000004298985
515,original,NMF,32-18-10-6,4,0.0,0.17067788668105163,6x212,126x6,0.040959600009955466
516,original,NMF,32-18-10-6,4,0.0,0.16731394103260636,6x212,126x6,0.03673900000285357
517,original,NMF,32-18-10-6,4,0.0,0.21123168501756123,6x212,126x6,0.03733630001079291
518,original,NMF,32-18-10-6,4,0.0,0.19257420692268445,6x212,126x6,0.03656020003836602
519,original,NMF,32-18-10-6,4,0.0,0.16939133041461993,6x212,126x6,0.036590399919077754
520,original,NMF,32-18-10-6,4,0.0,0.19457240577115273,6x212,126x6,0.037750600022263825
521,original,NMF,32-18-10-6,4,0.0,0.16871719880994487,6x212,126x6,0.037497200071811676
522,original,NMF,32-18-10-6,4,0.0,0.212260538836784,6x212,126x6,0.03778820007573813
523,original,NMF,32-18-10-6,4,0.0,0.1766713088790048,6x212,126x6,0.036833600024692714
524,original,NMF,32-18-10-6,4,0.0,0.17668570310614026,6x212,126x6,0.03813520004041493
525,original,NMF,32-18-10-6,4,0.0,0.21304313950553724,6x212,126x6,0.037282400066033006
526,original,NMF,32-18-10-6,4,0.0,0.1975185644185998,6x212,126x6,0.036780500086024404
527,original,NMF,32-18-10-6,4,0.0,0.21136262812633644,6x212,126x6,0.037681200075894594
528,original,NMF,32-18-10-6,4,0.0,0.2161719993343859,6x212,126x6,0.03682919999118894
529,original,NMF,32-18-10-6,4,0.0,0.1969585597395284,6x212,126x6,0.03635079995729029
530,original,NMF,32-18-10-6,4,0.0,0.17620795470320533,6x212,126x6,0.03833470004610717
531,original,NMF,32-18-10-6,4,0.0,0.18330277557876265,6x212,126x6,0.0368159000063315
532,original,NMF,32-18-10-6,4,0.0,0.16047251683326638,6x212,126x6,0.03809379995800555
533,original,NMF,32-18-10-6,4,0.0,0.16909120320636636,6x212,126x6,0.03709200001321733
534,original,NMF,32-18-10-6,4,0.0,0.18965189910146216,6x212,126x6,0.038768199970945716
535,original,NMF,32-18-10-6,4,0.0,0.18291105472788852,6x212,126x6,0.037199300015345216
536,original,NMF,32-18-10-6,4,0.0,0.18294182254706393,6x212,126x6,0.03788489999715239
537,original,NMF,32-18-10-6,4,0.0,0.19403772229992447,6x212,126x6,0.03733169997576624
538,original,NMF,32-18-10-6,4,0.0,0.17473123682645292,6x212,126x6,0.03860999993048608
539,original,NMF,32-18-10-6,4,0.0,0.19082781955765296,6x212,126x6,0.03698690002784133
540,original,NMF,32-18-10-6,4,0.0,0.20103542416925727,6x212,126x6,0.03824160003568977
541,original,NMF,32-18-10-6,4,0.0,0.19997867498697217,6x212,126x6,0.03729899995960295
542,original,NMF,32-18-10-6,4,0.0,0.21114248222063717,6x212,126x6,0.04192519991192967
543,original,NMF,32-18-10-6,4,0.0,0.16281740807670397,6x212,126x6,0.041026400052942336
544,original,NMF,32-18-10-6,4,0.0,0.16904254625708962,6x212,126x6,0.03792020003311336
545,original,NMF,32-18-10-6,4,0.0,0.17406713534753282,6x212,126x6,0.03802139998879284
546,original,NMF,32-18-10-6,4,0.0,0.16981891710383454,6x212,126x6,0.0372324000345543
547,original,NMF,32-18-10-6,4,0.0,0.18342295878381076,6x212,126x6,0.03821169992443174
548,original,NMF,32-18-10-6,4,0.0,0.18696621227414645,6x212,126x6,0.03674689994659275
549,original,NMF,32-18-10-6,4,0.0,0.17816227401566992,6x212,126x6,0.036254000035114586
550,original,NMF,32-18-10-6,4,0.0,0.17363387804449165,6x212,126x6,0.03733180009294301
551,original,NMF,32-18-10-6,4,0.0,0.18284552112216262,6x212,126x6,0.03684479999355972
552,original,NMF,32-18-10-6,4,0.0,0.18518185323122108,6x212,126x6,0.03789789997972548
553,original,NMF,32-18-10-6,4,0.0,0.18268442936079982,6x212,126x6,0.03823439998086542
554,original,NMF,32-18-10-6,4,0.0,0.21074729256000982,6x212,126x6,0.038845500093884766
555,original,NMF,32-18-10-6,4,0.0,0.190610335338368,6x212,126x6,0.03970020008273423
556,original,NMF,32-18-10-6,4,0.0,0.2015418128035519,6x212,126x6,0.03737809997983277
557,original,NMF,32-18-10-6,4,0.0,0.20814257352163948,6x212,126x6,0.039384900010190904
558,original,NMF,32-18-10-6,4,0.0,0.17273210345661452,6x212,126x6,0.03787419991567731
559,original,NMF,32-18-10-6,4,0.0,0.18379267451257317,6x212,126x6,0.03799710003659129
560,original,NMF,32-18-10-6,4,0.0,0.20442250268238144,6x212,126x6,0.036703000077977777
561,original,NMF,32-18-10-6,4,0.0,0.17760547119152487,6x212,126x6,0.03730820002965629
562,original,NMF,32-18-10-6,4,0.0,0.18337761928577279,6x212,126x6,0.03766859997995198
563,original,NMF,32-18-10-6,4,0.0,0.16668288971306056,6x212,126x6,0.037701499997638166
564,original,NMF,32-18-10-6,4,0.0,0.18413596051036143,6x212,126x6,0.03896060003899038
565,original,NMF,32-18-10-6,4,0.0,0.17677089683634697,6x212,126x6,0.03686519991606474
566,original,NMF,32-18-10-6,4,0.0,0.1861360234103452,6x212,126x6,0.0382681000046432
567,original,NMF,32-18-10-6,4,0.0,0.17400993473164947,6x212,126x6,0.03789799998048693
568,original,NMF,32-18-10-6,4,0.0,0.19896832401778486,6x212,126x6,0.03800109995063394
569,original,NMF,32-18-10-6,4,0.0,0.16483983969341506,6x212,126x6,0.03781160002108663
570,original,NMF,32-18-10-6,4,0.0,0.2112743915406701,6x212,126x6,0.041401099995709956
571,original,NMF,32-18-10-6,4,0.0,0.19052103307012624,6x212,126x6,0.04082760005258024
572,original,NMF,32-18-10-6,4,0.0,0.21196247236630197,6x212,126x6,0.03815419995225966
573,original,NMF,32-18-10-6,4,0.0,0.2031214792619536,6x212,126x6,0.03536270000040531
574,original,NMF,32-18-10-6,4,0.0,0.18084358864143857,6x212,126x6,0.037175499950535595
575,original,NMF,32-18-10-6,4,0.0,0.1703438759062704,6x212,126x6,0.036743200034834445
576,original,NMF,32-18-10-6,4,0.0,0.17651838315723858,6x212,126x6,0.03765760001260787
577,original,NMF,32-18-10-6,4,0.0,0.18875999279831457,6x212,126x6,0.03664870001375675
578,original,NMF,32-18-10-6,4,0.0,0.20093448325417473,6x212,126x6,0.03980349993798882
579,original,NMF,32-18-10-6,4,0.0,0.18541334758484038,6x212,126x6,0.040045700035989285
580,original,NMF,32-18-10-6,4,0.0,0.19269755273911274,6x212,126x6,0.037734200013801455
581,original,NMF,32-18-10-6,4,0.0,0.19633812154759242,6x212,126x6,0.03754379996098578
582,original,NMF,32-18-10-6,4,0.0,0.18852701497626448,6x212,126x6,0.038784699980169535
583,original,NMF,32-18-10-6,4,0.0,0.14992523325624801,6x212,126x6,0.03873759997077286
584,original,NMF,32-18-10-6,4,0.0,0.16187396796597783,6x212,126x6,0.03853070002514869
585,original,NMF,32-18-10-6,4,0.0,0.21710211400883556,6x212,126x6,0.03893929999321699
586,original,NMF,32-18-10-6,4,0.0,0.2183624773331006,6x212,126x6,0.03986220003571361
587,original,NMF,32-18-10-6,4,0.0,0.23343937968857864,6x212,126x6,0.03822869993746281
588,original,NMF,32-18-10-6,4,0.0,0.2359815792316054,6x212,126x6,0.03836879995651543
589,original,NMF,32-18-10-6,4,0.0,0.25615301989443573,6x212,126x6,0.038990600034594536
590,original,NMF,32-18-10-6,4,0.0,0.2301605641497735,6x212,126x6,0.03990390000399202
591,original,NMF,32-18-10-6,4,0.0,0.23560587094573915,6x212,126x6,0.04629309999290854
592,original,NMF,32-18-10-6,4,0.0,0.22089821833100468,6x212,126x6,0.0509508999530226
593,original,NMF,32-18-10-6,4,0.0,0.14239247288691975,6x212,126x6,0.046884299954399467
594,original,NMF,32-18-10-6,4,0.0,0.14666715754692097,6x212,126x6,0.043911100015975535
595,original,NMF,32-18-10-6,4,0.0,0.13183249339861314,6x212,126x6,0.04314279998652637
596,original,NMF,32-18-10-6,4,0.0,0.13779546444741428,6x212,126x6,0.04450330010149628
597,original,NMF,32-18-10-6,4,0.0,0.1314865840980407,6x212,126x6,0.04809920000843704
598,original,NMF,32-18-10-6,4,0.0,0.13869569910255672,6x212,126x6,0.04684570000972599
599,original,NMF,32-18-10-6,4,0.0,0.12391155798742279,6x212,126x6,0.041832300019450486
600,original,NMF,32-18-10-6,4,0.0,0.10195662460852545,6x212,126x6,0.04110559995751828
601,original,NMF,32-18-10-6,4,0.0,0.09907344359458334,6x212,126x6,0.0438272999599576
602,original,NMF,32-18-10-6,4,0.0,0.09294859412988718,6x212,126x6,0.046945199952460825
603,original,NMF,32-18-10-6,4,0.0,0.08693473743770871,6x212,126x6,0.04693129996303469
604,original,NMF,32-18-10-6,4,0.0,0.09671022569322864,6x212,126x6,0.05157929996494204
605,original,NMF,32-18-10-6,4,0.0,0.09809426823453586,6x212,126x6,0.04838119994383305
606,original,NMF,32-18-10-6,4,0.0,0.10062784061257604,6x212,126x6,0.045703699928708375
607,original,NMF,32-18-10-6,4,0.0,0.09229763283605891,6x212,126x6,0.04374300001654774
608,original,NMF,32-18-10-6,4,0.0,0.119494164573788,6x212,126x6,0.04624719999264926
609,original,NMF,32-18-10-6,4,0.0,0.116833620558762,6x212,126x6,0.04386900004465133
610,original,NMF,32-18-10-6,4,0.0,0.08690195260530992,6x212,126x6,0.04327879997435957
611,original,NMF,32-18-10-6,4,0.0,0.11042780648715395,6x212,126x6,0.04375599999912083
612,original,NMF,32-18-10-6,4,0.0,0.09620431120166768,6x212,126x6,0.03884170006494969
613,original,NMF,32-18-10-6,4,0.0,0.09107183267097706,6x212,126x6,0.03921220009215176
614,original,NMF,32-18-10-6,4,0.0,0.07943548710058237,6x212,126x6,0.03802840004209429
615,original,NMF,32-18-10-6,4,0.0,0.07536517033403735,6x212,126x6,0.03704169997945428
616,original,NMF,32-18-10-6,4,0.0,0.08162469290469805,6x212,126x6,0.03705309994984418
617,original,NMF,32-18-10-6,4,0.0,0.06958874859632336,6x212,126x6,0.039708999916911125
618,original,NMF,32-18-10-6,4,0.0,0.083461373465329,6x212,126x6,0.03797629999462515
619,original,NMF,32-18-10-6,4,0.0,0.06863435032359506,6x212,126x6,0.03720889997202903
620,original,NMF,32-18-10-6,4,0.0,0.12002931068600878,6x212,126x6,0.03895770001690835
621,original,NMF,32-18-10-6,4,0.0,0.13749763179306143,6x212,126x6,0.0419935000827536
622,original,NMF,32-18-10-6,4,0.0,0.12800441880841476,6x212,126x6,0.04813260002993047
623,original,NMF,32-18-10-6,4,0.0,0.10167518609309584,6x212,126x6,0.0443875000346452
624,original,NMF,32-18-10-6,4,0.0,0.13173744852027147,6x212,126x6,0.04345450003165752
625,original,NMF,32-18-10-6,4,0.0,0.12227138466574376,6x212,126x6,0.04032629996072501
626,original,NMF,32-18-10-6,4,0.0,0.10580718395805183,6x212,126x6,0.045814699959009886
627,original,NMF,32-18-10-6,4,0.0,0.1103780601790544,6x212,126x6,0.039929899969138205
628,original,NMF,32-18-10-6,4,0.0,0.14140129229923046,6x212,126x6,0.03909540001768619
629,original,NMF,32-18-10-6,4,0.0,0.10338967963207187,6x212,126x6,0.038330000010319054
630,original,NMF,32-18-10-6,4,0.0,0.11211491514101306,6x212,126x6,0.03871459991205484
631,original,NMF,32-18-10-6,4,0.0,0.12020019465170537,6x212,126x6,0.038565600058063865
632,original,NMF,32-18-10-6,4,0.0,0.10855636080714966,6x212,126x6,0.03698880004230887
633,original,NMF,32-18-10-6,4,0.0,0.13252791168237413,6x212,126x6,0.04026209993753582
634,original,NMF,32-18-10-6,4,0.0,0.13769980073875995,6x212,126x6,0.039522700011730194
635,original,NMF,32-18-10-6,4,0.0,0.12206354720930165,6x212,126x6,0.038202499970793724
636,original,NMF,32-18-10-6,4,0.0,0.11989681368418974,6x212,126x6,0.03805210010614246
637,original,NMF,32-18-10-6,4,0.0,0.12806016504379136,6x212,126x6,0.04039109998848289
638,original,NMF,32-18-10-6,4,0.0,0.12018555174624607,6x212,126x6,0.03802690003067255
639,original,NMF,32-18-10-6,4,0.0,0.11279508619807573,6x212,126x6,0.03771480009891093
640,original,NMF,32-18-10-6,4,0.0,0.11498044374010594,6x212,126x6,0.0375791999977082
641,original,NMF,32-18-10-6,4,0.0,0.12805056409281487,6x212,126x6,0.03759419999551028
642,original,NMF,32-18-10-6,4,0.0,0.12498256207200675,6x212,126x6,0.03715240000747144
643,original,NMF,32-18-10-6,4,0.0,0.14014061946142067,6x212,126x6,0.03667569998651743
644,original,NMF,32-18-10-6,4,0.0,0.11282289365821588,6x212,126x6,0.038166900048963726
645,original,NMF,32-18-10-6,4,0.0,0.10973852112120128,6x212,126x6,0.037123900023289025
646,original,NMF,32-18-10-6,4,0.0,0.13712294184872567,6x212,126x6,0.04076769994571805
647,original,NMF,32-18-10-6,4,0.0,0.13128031412946223,6x212,126x6,0.039408199954777956
648,original,NMF,32-18-10-6,4,0.0,0.0816347091469053,6x212,126x6,0.04005539999343455
649,original,NMF,32-18-10-6,4,0.0,0.06546694698976686,6x212,126x6,0.04237329994793981
650,original,NMF,32-18-10-6,4,0.0,0.06950651450874294,6x212,126x6,0.03926939994562417
651,original,NMF,32-18-10-6,4,0.0,0.06861415738281186,6x212,126x6,0.03768790001049638
652,original,NMF,32-18-10-6,4,0.0,0.152741590478531,6x212,126x6,0.03999969991855323
653,original,NMF,32-18-10-6,4,0.0,0.14192563049453308,6x212,126x6,0.03761080000549555
654,original,NMF,32-18-10-6,4,0.0,0.13585747577448934,6x212,126x6,0.03809490008279681
655,original,NMF,32-18-10-6,4,0.0,0.13085439285271297,6x212,126x6,0.03796890005469322
656,original,NMF,32-18-10-6,4,0.0,0.1491558157958668,6x212,126x6,0.03749240003526211
657,original,NMF,32-18-10-6,4,0.0,0.1587512034611203,6x212,126x6,0.03804619994480163
658,original,NMF,32-18-10-6,4,0.0,0.11886019519043484,6x212,126x6,0.03834139998070896
659,original,NMF,32-18-10-6,4,0.0,0.13983356024788418,6x212,126x6,0.038342999992892146
660,original,NMF,32-18-10-6,4,0.0,0.10485171939724365,6x212,126x6,0.0383069000672549
661,original,NMF,32-18-10-6,4,0.0,0.1392487233887393,6x212,126x6,0.03705059993080795
662,original,NMF,32-18-10-6,4,0.0,0.11319027869250463,6x212,126x6,0.04004609992261976
663,original,NMF,32-18-10-6,4,0.0,0.13120787669136136,6x212,126x6,0.03981670003850013
664,original,NMF,32-18-10-6,4,0.0,0.1507392118507262,6x212,126x6,0.03751900000497699
665,original,NMF,32-18-10-6,4,0.0,0.17063823606432277,6x212,126x6,0.0387470000423491
666,original,NMF,32-18-10-6,4,0.0,0.11626298287339784,6x212,126x6,0.03895750001538545
667,original,NMF,32-18-10-6,4,0.0,0.10971018328189229,6x212,126x6,0.03791289997752756
668,original,NMF,32-18-10-6,4,0.0,0.14407897270858414,6x212,126x6,0.03950419998727739
669,original,NMF,32-18-10-6,4,0.0,0.1281170635192758,6x212,126x6,0.03787409991491586
670,original,NMF,32-18-10-6,4,0.0,0.12205627144205375,6x212,126x6,0.03803009993862361
671,original,NMF,32-18-10-6,4,0.0,0.10630130242270228,6x212,126x6,0.04014509997796267
672,original,NMF,32-18-10-6,4,0.0,0.1274211255184396,6x212,126x6,0.03815719997510314
673,original,NMF,32-18-10-6,4,0.0,0.11053801642739852,6x212,126x6,0.03770819993223995
674,original,NMF,32-18-10-6,4,0.0,0.12731000296760672,6x212,126x6,0.03790540003683418
675,original,NMF,32-18-10-6,4,0.0,0.11623365678860242,6x212,126x6,0.037481200066395104
676,original,NMF,32-18-10-6,4,0.0,0.10683983979263773,6x212,126x6,0.04084310005418956
677,original,NMF,32-18-10-6,4,0.0,0.16435529382252953,6x212,126x6,0.042155099916271865
678,original,NMF,32-18-10-6,4,0.0,0.1367987435941421,6x212,126x6,0.04223660007119179
679,original,NMF,32-18-10-6,4,0.0,0.119406204526716,6x212,126x6,0.03800910001154989
680,original,NMF,32-18-10-6,4,0.0,0.11537416998098425,6x212,126x6,0.03760429995600134
681,original,NMF,32-18-10-6,4,0.0,0.13091441232221765,6x212,126x6,0.03835249994881451
682,original,NMF,32-18-10-6,4,0.0,0.13708536041445354,6x212,126x6,0.03836450004018843
683,original,NMF,32-18-10-6,4,0.0,0.12535244072230123,6x212,126x6,0.03808740002568811
684,original,NMF,32-18-10-6,4,0.0,0.11921435097405932,6x212,126x6,0.03886999993119389
685,original,NMF,32-18-10-6,4,0.0,0.12049981213376118,6x212,126x6,0.03924810001626611
686,original,NMF,32-18-10-6,4,0.0,0.09669490343493611,6x212,126x6,0.03914949996396899
687,original,NMF,32-18-10-6,4,0.0,0.05026927247318331,6x212,126x6,0.03944309998769313
688,original,NMF,32-18-10-6,4,0.0,0.08279231888943192,6x212,126x6,0.03748940001241863
689,original,NMF,32-18-10-6,4,0.0,0.08548349870667533,6x212,126x6,0.03858529997523874
690,original,NMF,32-18-10-6,4,0.0,0.07652996721288088,6x212,126x6,0.03835899999830872
691,original,NMF,32-18-10-6,4,0.0,0.10951879972391504,6x212,126x6,0.03971289994660765
692,original,NMF,32-18-10-6,4,0.0,0.08522106452434468,6x212,126x6,0.038541599991731346
693,original,NMF,32-18-10-6,4,0.0,0.09131971008210625,6x212,126x6,0.03907559998333454
694,original,NMF,32-18-10-6,4,0.0,0.07837362059150087,6x212,126x6,0.037989100092090666
695,original,NMF,32-18-10-6,4,0.0,0.1108656965652404,6x212,126x6,0.03844190004747361
696,original,NMF,32-18-10-6,4,0.0,0.09111972559116094,6x212,126x6,0.039130100049078465
697,original,NMF,32-18-10-6,4,0.0,0.09304381671650205,6x212,126x6,0.03867149993311614
698,original,NMF,32-18-10-6,4,0.0,0.09333771674053627,6x212,126x6,0.03788169997278601
699,original,NMF,32-18-10-6,4,0.0,0.08513872480818728,6x212,126x6,0.03873609995935112
700,original,NMF,32-18-10-6,4,0.0,0.09582730405920327,6x212,126x6,0.03730669990181923
701,original,NMF,32-18-10-6,4,0.0,0.10105150536621023,6x212,126x6,0.03928070003166795
702,original,NMF,32-18-10-6,4,0.0,0.09844070919825135,6x212,126x6,0.038170100073330104
703,original,NMF,32-18-10-6,4,0.0,0.07212423655616498,6x212,126x6,0.03957019990775734
704,original,NMF,32-18-10-6,4,0.0,0.07761301559064576,6x212,126x6,0.04152079997584224
705,original,NMF,32-18-10-6,4,0.0,0.09926789723559809,6x212,126x6,0.04074079997371882
706,original,NMF,32-18-10-6,4,0.0,0.08778575955476207,6x212,126x6,0.03753530001267791
707,original,NMF,32-18-10-6,4,0.0,0.06896612053004869,6x212,126x6,0.03772000002209097
708,original,NMF,32-18-10-6,4,0.0,0.10010976691640422,6x212,126x6,0.0386343999998644
709,original,NMF,32-18-10-6,4,0.0,0.08606269498068018,6x212,126x6,0.038547499920241535
710,original,NMF,32-18-10-6,4,0.0,0.08393931158828134,6x212,126x6,0.03781969996634871
711,original,NMF,32-18-10-6,4,0.0,0.08240174608434168,6x212,126x6,0.037651299964636564
712,original,NMF,32-18-10-6,4,0.0,0.09555625229042417,6x212,126x6,0.037675100029446185
713,original,NMF,32-18-10-6,4,0.0,0.08442038771795415,6x212,126x6,0.037688200012780726
714,original,NMF,32-18-10-6,4,0.0,0.10751843734681908,6x212,126x6,0.038088400033302605
715,original,NMF,32-18-10-6,4,0.0,0.0767752606036771,6x212,126x6,0.03953930002171546
716,original,NMF,32-18-10-6,4,0.0,0.09873114524985528,6x212,126x6,0.03761879994999617
717,original,NMF,32-18-10-6,4,0.0,0.07409447867875144,6x212,126x6,0.03913849999662489
718,original,NMF,32-18-10-6,4,0.0,0.11682506943758875,6x212,126x6,0.04178219998721033
719,original,NMF,32-18-10-6,4,0.0,0.0993454724474723,6x212,126x6,0.037698800093494356
720,original,NMF,32-18-10-6,4,0.0,0.08727122282033023,6x212,126x6,0.03795600007288158
721,original,NMF,32-18-10-6,4,0.0,0.09363617053979718,6x212,126x6,0.03852599998936057
722,original,NMF,32-18-10-6,4,0.0,0.09914933381990862,6x212,126x6,0.03588189999572933
723,original,NMF,32-18-10-6,4,0.0,0.09831417541840357,6x212,126x6,0.03959419997408986
724,original,NMF,32-18-10-6,4,0.0,0.08284323084934861,6x212,126x6,0.03663069999311119
725,original,NMF,32-18-10-6,4,0.0,0.0723837745481197,6x212,126x6,0.03748499997891486
726,original,NMF,32-18-10-6,4,0.0,0.07935485523987332,6x212,126x6,0.03762519999872893
727,original,NMF,32-18-10-6,4,0.0,0.08577307867084169,6x212,126x6,0.03731359995435923
728,original,NMF,32-18-10-6,4,0.0,0.14562537131485848,6x212,126x6,0.03897739993408322
729,original,NMF,32-18-10-6,4,0.0,0.10087492808985715,6x212,126x6,0.037552000023424625
730,original,NMF,32-18-10-6,4,0.0,0.13707574914181936,6x212,126x6,0.03781790006905794
731,original,NMF,32-18-10-6,4,0.0,0.1385403249226211,6x212,126x6,0.040018900064751506
732,original,NMF,32-18-10-6,4,0.0,0.14952985158614074,6x212,126x6,0.04334539989940822
733,original,NMF,32-18-10-6,4,0.0,0.09695999637986327,6x212,126x6,0.036695500020869076
734,original,NMF,32-18-10-6,4,0.0,0.10962053344336503,6x212,126x6,0.03850569995120168
735,original,NMF,32-18-10-6,4,0.0,0.1070327020426398,6x212,126x6,0.0383303000126034
736,original,NMF,32-18-10-6,4,0.0,0.11848811468048129,6x212,126x6,0.03808050008956343
737,original,NMF,32-18-10-6,4,0.0,0.11920674588870551,6x212,126x6,0.03741500002797693
738,original,NMF,32-18-10-6,4,0.0,0.14460976985047844,6x212,126x6,0.038721099961549044
739,original,NMF,32-18-10-6,4,0.0,0.12486448869152986,6x212,126x6,0.03883679991122335
740,original,NMF,32-18-10-6,4,0.0,0.13539528903218478,6x212,126x6,0.03761650004889816
741,original,NMF,32-18-10-6,4,0.0,0.14292726075789144,6x212,126x6,0.036728200037032366
742,original,NMF,32-18-10-6,4,0.0,0.12755721593514846,6x212,126x6,0.03767419990617782
743,original,NMF,32-18-10-6,4,0.0,0.143274946508466,6x212,126x6,0.03786979999858886
744,original,NMF,32-18-10-6,4,0.0,0.13232464387214404,6x212,126x6,0.03853909997269511
745,original,NMF,32-18-10-6,4,0.0,0.17267251198168246,6x212,126x6,0.03962890000548214
746,original,NMF,32-18-10-6,4,0.0,0.11477576622473025,6x212,126x6,0.03752070001792163
747,original,NMF,32-18-10-6,4,0.0,0.13622099234087812,6x212,126x6,0.0361942999297753
748,original,NMF,32-18-10-6,4,0.0,0.0834786370481712,6x212,126x6,0.03671110002323985
749,original,NMF,32-18-10-6,4,0.0,0.10331412044087603,6x212,126x6,0.03655089996755123
750,original,NMF,32-18-10-6,4,0.0,0.09928684578874303,6x212,126x6,0.04042149998713285
751,original,NMF,32-18-10-6,4,0.0,0.12415161428147976,6x212,126x6,0.038579000043682754
752,original,NMF,32-18-10-6,4,0.0,0.11844019818171728,6x212,126x6,0.037156399921514094
753,original,NMF,32-18-10-6,4,0.0,0.12279048043219665,6x212,126x6,0.03984380001202226
754,original,NMF,32-18-10-6,4,0.0,0.10267583999726584,6x212,126x6,0.03786179993767291
755,original,NMF,32-18-10-6,4,0.0,0.12745599966094584,6x212,126x6,0.037936000037007034
756,original,NMF,32-18-10-6,4,0.0,0.10995778116748932,6x212,126x6,0.037563899997621775
757,original,NMF,32-18-10-6,4,0.0,0.1116875789544475,6x212,126x6,0.038186199963092804
758,original,NMF,32-18-10-6,4,0.0,0.13225571240988127,6x212,126x6,0.03851400001440197
759,original,NMF,32-18-10-6,4,0.0,0.12740499988239193,6x212,126x6,0.041159600019454956
760,original,NMF,32-18-10-6,4,0.0,0.12365508870310593,6x212,126x6,0.04159609996713698
761,original,NMF,32-18-10-6,4,0.0,0.13645585992634665,6x212,126x6,0.038169799954630435
762,original,NMF,32-18-10-6,4,0.0,0.07873846336686621,6x212,126x6,0.03905939997639507
763,original,NMF,32-18-10-6,4,0.0,0.09634593151439351,6x212,126x6,0.038137299939990044
764,original,NMF,32-18-10-6,4,0.0,0.16708772094379287,6x212,126x6,0.03710369998589158
765,original,NMF,32-18-10-6,4,0.0,0.1281462242440178,6x212,126x6,0.03586840000934899
766,original,NMF,32-18-10-6,4,0.0,0.10993751930233615,6x212,126x6,0.03733309998642653
767,original,NMF,32-18-10-6,4,0.0,0.13646748470035147,6x212,126x6,0.03586709999945015
768,original,NMF,32-18-10-6,4,0.0,0.14907553833191667,6x212,126x6,0.037901800009422004
769,original,NMF,32-18-10-6,4,0.0,0.16067616633895487,6x212,126x6,0.03833940008189529
770,original,NMF,32-18-10-6,4,0.0,0.1678108346824323,6x212,126x6,0.038187399972230196
771,original,NMF,32-18-10-6,4,0.0,0.10967812991717307,6x212,126x6,0.0376727000111714
772,original,NMF,32-18-10-6,4,0.0,0.11791917139921793,6x212,126x6,0.03794339997693896
773,original,NMF,32-18-10-6,4,0.0,0.10514514961772449,6x212,126x6,0.03751429996918887
774,original,NMF,32-18-10-6,4,0.0,0.10067972028155658,6x212,126x6,0.04041229991707951
775,original,NMF,32-18-10-6,4,0.0,0.11675674509917383,6x212,126x6,0.037695499951951206
776,original,NMF,32-18-10-6,4,0.0,0.09626842057529,6x212,126x6,0.037440899992361665
777,original,NMF,32-18-10-6,4,0.0,0.13021659725994778,6x212,126x6,0.03704419999849051
778,original,NMF,32-18-10-6,4,0.0,0.11252891190390397,6x212,126x6,0.03723849996458739
779,original,NMF,32-18-10-6,4,0.0,0.11170828153696703,6x212,126x6,0.03661609999835491
780,original,NMF,32-18-10-6,4,0.0,0.11298462626444655,6x212,126x6,0.03755480004474521
781,original,NMF,32-18-10-6,4,0.0,0.11630189044387072,6x212,126x6,0.0368783000158146
782,original,NMF,32-18-10-6,4,0.0,0.11264441165913038,6x212,126x6,0.03826110006775707
783,original,NMF,32-18-10-6,4,0.0,0.11670333300478906,6x212,126x6,0.03808150009717792
784,original,NMF,32-18-10-6,4,0.0,0.1201496748026903,6x212,126x6,0.038497500005178154
785,original,NMF,32-18-10-6,4,0.0,0.10003428081901325,6x212,126x6,0.038627399946562946
786,original,NMF,32-18-10-6,4,0.0,0.10677386859070018,6x212,126x6,0.03760419995523989
787,original,NMF,32-18-10-6,4,0.0,0.1269082792084163,6x212,126x6,0.04072729998733848
788,original,NMF,32-18-10-6,4,0.0,0.11953277259841788,6x212,126x6,0.04207060008775443
789,original,NMF,32-18-10-6,4,0.0,0.12347113798883645,6x212,126x6,0.04120780003722757
790,original,NMF,32-18-10-6,4,0.0,0.13449322979765513,6x212,126x6,0.04113489994779229
791,original,NMF,32-18-10-6,4,0.0,0.10257572414874915,6x212,126x6,0.03757369995582849
792,original,NMF,32-18-10-6,4,0.0,0.13129644751632133,6x212,126x6,0.037239499972201884
793,original,NMF,32-18-10-6,4,0.0,0.10086125341314926,6x212,126x6,0.03957330004777759
794,original,NMF,32-18-10-6,4,0.0,0.1161349154083575,6x212,126x6,0.03795150003861636
795,original,NMF,32-18-10-6,4,0.0,0.11732003295726953,6x212,126x6,0.03959870000835508
796,original,NMF,32-18-10-6,4,0.0,0.11330057380838898,6x212,126x6,0.04103299998678267
797,original,NMF,32-18-10-6,4,0.0,0.1154486384473841,6x212,126x6,0.03721800004132092
798,original,NMF,32-18-10-6,4,0.0,0.12751830487757493,6x212,126x6,0.03760450007393956
799,original,NMF,32-18-10-6,4,0.0,0.12683245131392457,6x212,126x6,0.03770530002657324
800,original,NMF,32-18-10-6,4,0.0,0.09126987746309714,6x212,126x6,0.03818849998060614
801,original,NMF,32-18-10-6,4,0.0,0.11243140966232672,6x212,126x6,0.03789809998124838
802,original,NMF,32-18-10-6,4,0.0,0.10289834237382749,6x212,126x6,0.03707259998191148
803,original,NMF,32-18-10-6,4,0.0,0.05737038963183322,6x212,126x6,0.04024609993211925
804,original,NMF,32-18-10-6,4,0.0,0.07031061003000366,6x212,126x6,0.03714489995036274
805,original,NMF,32-18-10-6,4,0.0,0.06994315427710585,6x212,126x6,0.03809919999912381
806,original,NMF,32-18-10-6,4,0.0,0.07120964783054629,6x212,126x6,0.03935999993700534
807,original,NMF,32-18-10-6,4,0.0,0.06665131470679389,6x212,126x6,0.038820500019937754
808,original,NMF,32-18-10-6,4,0.0,0.06064282018774948,6x212,126x6,0.038907699985429645
809,original,NMF,32-18-10-6,4,0.0,0.06712517827043485,6x212,126x6,0.039408700075000525
810,original,NMF,32-18-10-6,4,0.0,0.047948390652490624,6x212,126x6,0.03819150000344962
811,original,NMF,32-18-10-6,4,0.0,0.06544614851365922,6x212,126x6,0.037583000026643276
812,original,NMF,32-18-10-6,4,0.0,0.05983426412849382,6x212,126x6,0.03714860009495169
813,original,NMF,32-18-10-6,4,0.0,0.05070044079131578,6x212,126x6,0.03914610005449504
814,original,NMF,32-18-10-6,4,0.0,0.06021980176411964,6x212,126x6,0.0396032000426203
815,original,NMF,32-18-10-6,4,0.0,0.06672852152982084,6x212,126x6,0.04160939995199442
816,original,NMF,32-18-10-6,4,0.0,0.051477265866750575,6x212,126x6,0.03945659997407347
817,original,NMF,32-18-10-6,4,0.0,0.0567596713419327,6x212,126x6,0.03745139995589852
818,original,NMF,32-18-10-6,4,0.0,0.06909300998030907,6x212,126x6,0.03770710004027933
819,original,NMF,32-18-10-6,4,0.0,0.05869462886913232,6x212,126x6,0.037386300042271614
820,original,NMF,32-18-10-6,4,0.0,0.07540321150037894,6x212,126x6,0.037871699896641076
821,original,NMF,32-18-10-6,4,0.0,0.06680778287973171,6x212,126x6,0.03724490001332015
822,original,NMF,32-18-10-6,4,0.0,0.05756416474142061,6x212,126x6,0.037739999941550195
823,original,NMF,32-18-10-6,4,0.0,0.0770720212335654,6x212,126x6,0.03701670002192259
824,original,NMF,32-18-10-6,4,0.0,0.055541202464630006,6x212,126x6,0.03725920000579208
825,original,NMF,32-18-10-6,4,0.0,0.06109487592748363,6x212,126x6,0.03714859997853637
826,original,NMF,32-18-10-6,4,0.0,0.05308500967055015,6x212,126x6,0.036934099975042045
827,original,NMF,32-18-10-6,4,0.0,0.07185663711223121,6x212,126x6,0.038282299996353686
828,original,NMF,32-18-10-6,4,0.0,0.06962994596622657,6x212,126x6,0.039720999891869724
829,original,NMF,32-18-10-6,4,0.0,0.10193778595141466,6x212,126x6,0.03782660001888871
830,original,NMF,32-18-10-6,4,0.0,0.10297332478140059,6x212,126x6,0.03726969996932894
831,original,NMF,32-18-10-6,4,0.0,0.08087295525491567,6x212,126x6,0.0356063999934122
832,original,NMF,32-18-10-6,4,0.0,0.10086097097833814,6x212,126x6,0.03838689997792244
833,original,NMF,32-18-10-6,4,0.0,0.08813578789819398,6x212,126x6,0.0387323999311775
834,original,NMF,32-18-10-6,4,0.0,0.08872350822075592,6x212,126x6,0.03869099996518344
835,original,NMF,32-18-10-6,4,0.0,0.0825302765913116,6x212,126x6,0.03660130000207573
836,original,NMF,32-18-10-6,4,0.0,0.08670943177637218,6x212,126x6,0.04088300000876188
837,original,NMF,32-18-10-6,4,0.0,0.08709098871686502,6x212,126x6,0.04266590008046478
838,original,NMF,32-18-10-6,4,0.0,0.09249825141421948,6x212,126x6,0.04088540002703667
839,original,NMF,32-18-10-6,4,0.0,0.08430443706058384,6x212,126x6,0.04124519997276366
840,original,NMF,32-18-10-6,4,0.0,0.08684885782137418,6x212,126x6,0.0420715999789536
841,original,NMF,32-18-10-6,4,0.0,0.09308719428255408,6x212,126x6,0.04048779990989715
842,original,NMF,32-18-10-6,4,0.0,0.0841174430231308,6x212,126x6,0.05440280004404485
843,original,NMF,32-18-10-6,4,0.0,0.08876678253270279,6x212,126x6,0.041563000064343214
844,original,NMF,32-18-10-6,4,0.0,0.09137520743155803,6x212,126x6,0.038218499976210296
845,original,NMF,32-18-10-6,4,0.0,0.09888168501971582,6x212,126x6,0.03796770004555583
846,original,NMF,32-18-10-6,4,0.0,0.0888690616117651,6x212,126x6,0.03668029990512878
847,original,NMF,32-18-10-6,4,0.0,0.09520609463288601,6x212,126x6,0.03932340000756085
848,original,NMF,32-18-10-6,4,0.0,0.10128798153763006,6x212,126x6,0.037442500004544854
849,original,NMF,32-18-10-6,4,0.0,0.08582396689348383,6x212,126x6,0.03803150006569922
850,original,NMF,32-18-10-6,4,0.0,0.09972239810766943,6x212,126x6,0.038814299972727895
851,original,NMF,32-18-10-6,4,0.0,0.09342705326133814,6x212,126x6,0.03641310008242726
852,original,NMF,32-18-10-6,4,0.0,0.09137777373261069,6x212,126x6,0.03707330010365695
853,original,NMF,32-18-10-6,4,0.0,0.10233430453529085,6x212,126x6,0.038464699988253415
854,original,NMF,32-18-10-6,4,0.0,0.07388763174144221,6x212,126x6,0.039805599953979254
855,original,NMF,32-18-10-6,4,0.0,0.09135317606915415,6x212,126x6,0.04047150001861155
856,original,NMF,32-18-10-6,4,0.0,0.08862084366698537,6x212,126x6,0.037226099986582994
857,original,NMF,32-18-10-6,4,0.0,0.07819596575289173,6x212,126x6,0.039435200043953955
858,original,NMF,32-18-10-6,4,0.0,0.09227241981886669,6x212,126x6,0.036782799987122416
859,original,NMF,32-18-10-6,4,0.0,0.08558637609383365,6x212,126x6,0.03890240006148815
860,original,NMF,32-18-10-6,4,0.0,0.09871892574561286,6x212,126x6,0.03812799998559058
861,original,NMF,32-18-10-6,4,0.0,0.08322931891219194,6x212,126x6,0.03729190002195537
862,original,NMF,32-18-10-6,4,0.0,0.08055707542347677,6x212,126x6,0.03777980001177639
863,original,NMF,32-18-10-6,4,0.0,0.06767434582916104,6x212,126x6,0.0371161000803113
864,original,NMF,32-18-10-6,4,0.0,0.076525306437273,6x212,126x6,0.03920040000230074
865,original,NMF,32-18-10-6,4,0.0,0.06662986494216859,6x212,126x6,0.035565100028179586
866,original,NMF,32-18-10-6,4,0.0,0.06571840969619763,6x212,126x6,0.03840140008833259
867,original,NMF,32-18-10-6,4,0.0,0.07310408011004227,6x212,126x6,0.037215800024569035
868,original,NMF,32-18-10-6,4,0.0,0.06861918319057726,6x212,126x6,0.03894120000768453
869,original,NMF,32-18-10-6,4,0.0,0.0763112244888171,6x212,126x6,0.03941319999285042
870,original,NMF,32-18-10-6,4,0.0,0.0727872519892165,6x212,126x6,0.042279700050130486
871,original,NMF,32-18-10-6,4,0.0,0.08758337599844057,6x212,126x6,0.03944630001205951
872,original,NMF,32-18-10-6,4,0.0,0.07301135236093324,6x212,126x6,0.03711250005289912
873,original,NMF,32-18-10-6,4,0.0,0.06704961632506268,6x212,126x6,0.036984500009566545
874,original,NMF,32-18-10-6,4,0.0,0.0754439978763432,6x212,126x6,0.038551899953745306
875,original,NMF,32-18-10-6,4,0.0,0.07203544815906268,6x212,126x6,0.03726090001873672
876,original,NMF,32-18-10-6,4,0.0,0.07609637082714003,6x212,126x6,0.0372139000101015
877,original,NMF,32-18-10-6,4,0.0,0.07053272957612658,6x212,126x6,0.03800189995672554
878,original,NMF,32-18-10-6,4,0.0,0.0698127436929321,6x212,126x6,0.03813320002518594
879,original,NMF,32-18-10-6,4,0.0,0.0667883032244856,6x212,126x6,0.03838250006083399
880,original,NMF,32-18-10-6,4,0.0,0.0928923316222088,6x212,126x6,0.03807600005529821
881,original,NMF,32-18-10-6,4,0.0,0.07073567237644396,6x212,126x6,0.0381174999056384
882,original,NMF,32-18-10-6,4,0.0,0.07384150315105227,6x212,126x6,0.03826060006394982
883,original,NMF,32-18-10-6,4,0.0,0.07220507317848943,6x212,126x6,0.03744109999388456
884,original,NMF,32-18-10-6,4,0.0,0.0685703679304071,6x212,126x6,0.03808009997010231
885,original,NMF,32-18-10-6,4,0.0,0.059842896467285835,6x212,126x6,0.03922349994536489
886,original,NMF,32-18-10-6,4,0.0,0.058207597361161975,6x212,126x6,0.039277900010347366
887,original,NMF,32-18-10-6,4,0.0,0.06769235067627977,6x212,126x6,0.037747399997897446
888,original,NMF,32-18-10-6,4,0.0,0.06020849192719435,6x212,126x6,0.03848810005001724
889,original,NMF,32-18-10-6,4,0.0,0.07304192352103098,6x212,126x6,0.03681159997358918
890,original,NMF,32-18-10-6,4,0.0,0.07355671553198359,6x212,126x6,0.03888040001038462
891,original,NMF,32-18-10-6,4,0.0,0.06812670417800167,6x212,126x6,0.03863029996864498
892,original,NMF,32-18-10-6,4,0.0,0.06973393704131986,6x212,126x6,0.04060489998664707
893,original,NMF,32-18-10-6,4,0.0,0.0696529462567932,6x212,126x6,0.03710670000873506
894,original,NMF,32-18-10-6,4,0.0,0.07204400575872699,6x212,126x6,0.037202600040473044
895,original,NMF,32-18-10-6,4,0.0,0.06217037709307031,6x212,126x6,0.03695079998578876
896,original,NMF,32-18-10-6,4,0.0,0.06433678300095876,6x212,126x6,0.03874709992669523
897,original,NMF,32-18-10-6,4,0.0,0.11664231333130026,6x212,126x6,0.038414199952967465
898,original,NMF,32-18-10-6,4,0.0,0.11652504727449099,6x212,126x6,0.042617599945515394
899,original,NMF,32-18-10-6,4,0.0,0.11280419901975391,6x212,126x6,0.039386300020851195
900,original,NMF,32-18-10-6,4,0.0,0.12933639107952152,6x212,126x6,0.035618299967609346
901,original,NMF,32-18-10-6,4,0.0,0.13676378993095564,6x212,126x6,0.037794800009578466
902,original,NMF,32-18-10-6,4,0.0,0.13199188361673908,6x212,126x6,0.03707009996287525
903,original,NMF,32-18-10-6,4,0.0,0.17392623626054862,6x212,126x6,0.03825550002511591
904,original,NMF,32-18-10-6,4,0.0,0.12356507344095635,6x212,126x6,0.037830700050108135
905,original,NMF,32-18-10-6,4,0.0,0.1520375949165961,6x212,126x6,0.038695900002494454
906,original,NMF,32-18-10-6,4,0.0,0.15367818262887614,6x212,126x6,0.03761910006869584
907,original,NMF,32-18-10-6,4,0.0,0.1817343037929344,6x212,126x6,0.039378800080157816
908,original,NMF,32-18-10-6,4,0.0,0.19904476545015448,6x212,126x6,0.03800569998566061
909,original,NMF,32-18-10-6,4,0.0,0.1614413149890713,6x212,126x6,0.038775900029577315
910,original,NMF,32-18-10-6,4,0.0,0.17506848024153876,6x212,126x6,0.03720270004123449
911,original,NMF,32-18-10-6,4,0.0,0.17032568894297317,6x212,126x6,0.03677579993382096
912,original,NMF,32-18-10-6,4,0.0,0.1902762312441084,6x212,126x6,0.038097399985417724
913,original,NMF,32-18-10-6,4,0.0,0.1410955755303149,6x212,126x6,0.037184400018304586
914,original,NMF,32-18-10-6,4,0.0,0.16769495831198744,6x212,126x6,0.03748530009761453
915,original,NMF,32-18-10-6,4,0.0,0.1708736843185799,6x212,126x6,0.037574300076812506
916,original,NMF,32-18-10-6,4,0.0,0.1347352981956759,6x212,126x6,0.03833989996928722
917,original,NMF,32-18-10-6,4,0.0,0.1533372353616538,6x212,126x6,0.038451200001873076
918,original,NMF,32-18-10-6,4,0.0,0.17645757256378908,6x212,126x6,0.0387819999596104
919,original,NMF,32-18-10-6,4,0.0,0.17350734099012044,6x212,126x6,0.03867069992702454
920,original,NMF,32-18-10-6,4,0.0,0.177703526258159,6x212,126x6,0.037275100010447204
921,original,NMF,32-18-10-6,4,0.0,0.14755899371306375,6x212,126x6,0.03733879991341382
922,original,NMF,32-18-10-6,4,0.0,0.06946541183553101,6x212,126x6,0.039030699990689754
923,original,NMF,32-18-10-6,4,0.0,0.07962110639294993,6x212,126x6,0.03745790000539273
924,original,NMF,32-18-10-6,4,0.0,0.07153758159926406,6x212,126x6,0.03818509995471686
925,original,NMF,32-18-10-6,4,0.0,0.06177874502595601,6x212,126x6,0.03811530000530183
926,original,NMF,32-18-10-6,4,0.0,0.06990581725277356,6x212,126x6,0.041651800042018294
927,original,NMF,32-18-10-6,4,0.0,0.08250317963555918,6x212,126x6,0.03741510002873838
928,original,NMF,32-18-10-6,4,0.0,0.08493491460172063,6x212,126x6,0.03613819996826351
929,original,NMF,32-18-10-6,4,0.0,0.0688134258950691,6x212,126x6,0.03873180004302412
930,original,NMF,32-18-10-6,4,0.0,0.07078253135423972,6x212,126x6,0.03725779999513179
931,original,NMF,32-18-10-6,4,0.0,0.07581719184356685,6x212,126x6,0.03730550000909716
932,original,NMF,32-18-10-6,4,0.0,0.06823849743981106,6x212,126x6,0.039045199984684587
933,original,NMF,32-18-10-6,4,0.0,0.07547551968221429,6x212,126x6,0.037738699931651354
934,original,NMF,32-18-10-6,4,0.0,0.07401949876619572,6x212,126x6,0.037234599934890866
935,original,NMF,32-18-10-6,4,0.0,0.09023593017764957,6x212,126x6,0.037448600050993264
936,original,NMF,32-18-10-6,4,0.0,0.08138564222461754,6x212,126x6,0.0375367000233382
937,original,NMF,32-18-10-6,4,0.0,0.07361594572197391,6x212,126x6,0.03805209998972714
938,original,NMF,32-18-10-6,4,0.0,0.07422236079647523,6x212,126x6,0.03782829991541803
939,original,NMF,32-18-10-6,4,0.0,0.08012488092371356,6x212,126x6,0.03695520001929253
940,original,NMF,32-18-10-6,4,0.0,0.06949131718274631,6x212,126x6,0.03924869990441948
941,original,NMF,32-18-10-6,4,0.0,0.06727493777159985,6x212,126x6,0.03583299997262657
942,original,NMF,32-18-10-6,4,0.0,0.07508842162390666,6x212,126x6,0.03783919999841601
943,original,NMF,32-18-10-6,4,0.0,0.08218082599741093,6x212,126x6,0.03794059995561838
944,original,NMF,32-18-10-6,4,0.0,0.06691863274420629,6x212,126x6,0.03699990001041442
945,original,NMF,32-18-10-6,4,0.0,0.06451257973464966,6x212,126x6,0.03777510009240359
946,original,NMF,32-18-10-6,4,0.0,0.06633542888747113,6x212,126x6,0.03732030000537634
947,original,NMF,32-18-10-6,4,0.0,0.07062154928777024,6x212,126x6,0.038055700017139316
948,original,NMF,32-18-10-6,4,0.0,0.07230393423720577,6x212,126x6,0.03623550001066178
949,original,NMF,32-18-10-6,4,0.0,0.07306431678867442,6x212,126x6,0.038291300064884126
950,original,NMF,32-18-10-6,4,0.0,0.07720468057244405,6x212,126x6,0.03656899998895824
951,original,NMF,32-18-10-6,4,0.0,0.0953002373684019,6x212,126x6,0.037649499950930476
952,original,NMF,32-18-10-6,4,0.0,0.06601611489975348,6x212,126x6,0.037952300044707954
953,original,NMF,32-18-10-6,4,0.0,0.06797755328108188,6x212,126x6,0.03921110008377582
954,original,NMF,32-18-10-6,4,0.0,0.07053689086837568,6x212,126x6,0.04104610008653253
955,original,NMF,32-18-10-6,4,0.0,0.07364229173248384,6x212,126x6,0.03837080008815974
956,original,NMF,32-18-10-6,4,0.0,0.07112158720378815,6x212,126x6,0.03651120001450181
957,original,NMF,32-18-10-6,4,0.0,0.08087398395145472,6x212,126x6,0.036943100043572485
958,original,NMF,32-18-10-6,4,0.0,0.07663313943503428,6x212,126x6,0.03715300001204014
959,original,NMF,32-18-10-6,4,0.0,0.07142140065234343,6x212,126x6,0.0362011999823153
960,original,NMF,32-18-10-6,4,0.0,0.08819260954803099,6x212,126x6,0.03838980000000447
961,original,NMF,32-18-10-6,4,0.0,0.07191618749914572,6x212,126x6,0.03723560005892068
962,original,NMF,32-18-10-6,4,0.0,0.08215356805964028,6x212,126x6,0.036344199907034636
963,original,NMF,32-18-10-6,4,0.0,0.06359149713508314,6x212,126x6,0.03754819999448955
964,original,NMF,32-18-10-6,4,0.0,0.06951288087848667,6x212,126x6,0.03874979994725436
965,original,NMF,32-18-10-6,4,0.0,0.0855385483996577,6x212,126x6,0.03768189996480942
966,original,NMF,32-18-10-6,4,0.0,0.07575081847962349,6x212,126x6,0.03787180001381785
967,original,NMF,32-18-10-6,4,0.0,0.07088227088064254,6x212,126x6,0.037846900057047606
968,original,NMF,32-18-10-6,4,0.0,0.06627941593670371,6x212,126x6,0.03952820005360991
969,original,NMF,32-18-10-6,4,0.0,0.06586741996934882,6x212,126x6,0.03737019991967827
970,original,NMF,32-18-10-6,4,0.0,0.07620499928159118,6x212,126x6,0.038635100005194545
971,original,NMF,32-18-10-6,4,0.0,0.06472594516116738,6x212,126x6,0.03810809995047748
972,original,NMF,32-18-10-6,4,0.0,0.08313909821379453,6x212,126x6,0.03847299993503839
973,original,NMF,32-18-10-6,4,0.0,0.08291992857466705,6x212,126x6,0.038279299973510206
974,original,NMF,32-18-10-6,4,0.0,0.18192537118998042,6x212,126x6,0.038723699981346726
975,original,NMF,32-18-10-6,4,0.0,0.1997059577500249,6x212,126x6,0.037192100076936185
976,original,NMF,32-18-10-6,4,0.0,0.2533031792468405,6x212,126x6,0.036519400076940656
977,original,NMF,32-18-10-6,4,0.0,0.23330557460125845,6x212,126x6,0.03701900003943592
978,original,NMF,32-18-10-6,4,0.0,0.1991954644490772,6x212,126x6,0.038464599987491965
979,original,NMF,32-18-10-6,4,0.0,0.20474086325066235,6x212,126x6,0.03651899995747954
980,original,NMF,32-18-10-6,4,0.0,0.19002848868959366,6x212,126x6,0.0383351999334991
981,original,NMF,32-18-10-6,4,0.0,0.19227566449950562,6x212,126x6,0.037890000035986304
982,original,NMF,32-18-10-6,4,0.0,0.20349054846078823,6x212,126x6,0.04860099998768419
983,original,NMF,32-18-10-6,4,0.0,0.17291172652597414,6x212,126x6,0.039421700057573617
984,original,NMF,32-18-10-6,4,0.0,0.17324587144213535,6x212,126x6,0.03771750000305474
985,original,NMF,32-18-10-6,4,0.0,0.16381944367578374,6x212,126x6,0.03720050002448261
986,original,NMF,32-18-10-6,4,0.0,0.1847060053995285,6x212,126x6,0.037190800067037344
987,original,NMF,32-18-10-6,4,0.0,0.20639449165747034,6x212,126x6,0.038725199992768466
988,original,NMF,32-18-10-6,4,0.0,0.18010333070944495,6x212,126x6,0.03669820004142821
989,original,NMF,32-18-10-6,4,0.0,0.13600360775076317,6x212,126x6,0.036762299947440624
990,original,NMF,32-18-10-6,4,0.0,0.12084673623831144,6x212,126x6,0.0391364999813959
991,original,NMF,32-18-10-6,4,0.0,0.12960133691131284,6x212,126x6,0.04040459997486323
992,original,NMF,32-18-10-6,4,0.0,0.14161138678173593,6x212,126x6,0.03780610009562224
993,original,NMF,32-18-10-6,4,0.0,0.11740547222977064,6x212,126x6,0.03770280000753701
994,original,NMF,32-18-10-6,4,0.0,0.12588794630170275,6x212,126x6,0.03973379998933524
995,original,NMF,32-18-10-6,4,0.0,0.1582360415704592,6x212,126x6,0.037086699972860515
996,original,NMF,32-18-10-6,4,0.0,0.09199527437311908,6x212,126x6,0.03810860007070005
997,original,NMF,32-18-10-6,4,0.0,0.08899510723199587,6x212,126x6,0.039677999913692474
998,original,NMF,32-18-10-6,4,0.0,0.23493078362488357,6x212,126x6,0.04061110003385693
999,original,NMF,32-18-10-6,4,0.0,0.26574826054603784,6x212,126x6,0.03876070003025234
