indice_interno,base,metodo,distribucion,numero_capas,penalizacion_ortogonal,sin_regularizacion,error_final,forma_h,forma_w,segundos
0,SNR_5db,ONMF,7,1,0.05,False,0.22062396117657862,7x212,126x7,0.025299099972471595
1,SNR_5db,ONMF,7,1,0.05,False,0.2194889266920647,7x212,126x7,0.025708699831739068
2,SNR_5db,ONMF,7,1,0.05,False,0.2191550404617129,7x212,126x7,0.03659870009869337
3,SNR_5db,ONMF,7,1,0.05,False,0.22418291009634905,7x212,126x7,0.031126599991694093
4,SNR_5db,ONMF,7,1,0.05,False,0.2215244097468351,7x212,126x7,0.030596100026741624
5,SNR_5db,ONMF,7,1,0.05,False,0.22469279662103692,7x212,126x7,0.029116399819031358
6,SNR_5db,ONMF,7,1,0.05,False,0.22107236499279717,7x212,126x7,0.028180700028315187
7,SNR_5db,ONMF,7,1,0.05,False,0.22232004283493972,7x212,126x7,0.026458200067281723
8,SNR_5db,ONMF,7,1,0.05,False,0.22302520425905867,7x212,126x7,0.026814599987119436
9,SNR_5db,ONMF,7,1,0.05,False,0.22616091500074728,7x212,126x7,0.027636499842628837
10,SNR_5db,ONMF,7,1,0.05,False,0.2228692974159693,7x212,126x7,0.030489100143313408
11,SNR_5db,ONMF,7,1,0.05,False,0.22473197801756747,7x212,126x7,0.03059350000694394
12,SNR_5db,ONMF,7,1,0.05,False,0.2199923663354755,7x212,126x7,0.02451759995892644
13,SNR_5db,ONMF,7,1,0.05,False,0.22335828650639122,7x212,126x7,0.024599700001999736
14,SNR_5db,ONMF,7,1,0.05,False,0.22531655144174217,7x212,126x7,0.023690399946644902
15,SNR_5db,ONMF,7,1,0.05,False,0.22127951059764286,7x212,126x7,0.025052699958905578
16,SNR_5db,ONMF,7,1,0.05,False,0.22605419206987235,7x212,126x7,0.026288799941539764
17,SNR_5db,ONMF,7,1,0.05,False,0.22572491200287484,7x212,126x7,0.02597010019235313
18,SNR_5db,ONMF,7,1,0.05,False,0.2265747110500939,7x212,126x7,0.025957999983802438
19,SNR_5db,ONMF,7,1,0.05,False,0.22229559324386058,7x212,126x7,0.025483899982646108
20,SNR_5db,ONMF,7,1,0.05,False,0.22120414250174888,7x212,126x7,0.032348599983379245
21,SNR_5db,ONMF,7,1,0.05,False,0.22336660974690956,7x212,126x7,0.03165469993837178
22,SNR_5db,ONMF,7,1,0.05,False,0.21935646140554288,7x212,126x7,0.02838609996251762
23,SNR_5db,ONMF,7,1,0.05,False,0.22069961635402138,7x212,126x7,0.02474300004541874
24,SNR_5db,ONMF,7,1,0.05,False,0.22955728856668084,7x212,126x7,0.030008599860593677
25,SNR_5db,ONMF,7,1,0.05,False,0.2239186861768675,7x212,126x7,0.02436190005391836
26,SNR_5db,ONMF,7,1,0.05,False,0.22146094844066164,7x212,126x7,0.02682909998111427
27,SNR_5db,ONMF,7,1,0.05,False,0.22270448291070666,7x212,126x7,0.024635599926114082
28,SNR_5db,ONMF,7,1,0.05,False,0.22392468726132256,7x212,126x7,0.026596699841320515
29,SNR_5db,ONMF,7,1,0.05,False,0.2246258676198092,7x212,126x7,0.025408899877220392
30,SNR_5db,ONMF,7,1,0.05,False,0.22163584368330178,7x212,126x7,0.029341300018131733
31,SNR_5db,ONMF,7,1,0.05,False,0.22471467267580877,7x212,126x7,0.029307299992069602
32,SNR_5db,ONMF,7,1,0.05,False,0.22205086899570298,7x212,126x7,0.025814899941906333
33,SNR_5db,ONMF,7,1,0.05,False,0.22159822786957367,7x212,126x7,0.02690279996022582
34,SNR_5db,ONMF,7,1,0.05,False,0.2220430389249148,7x212,126x7,0.02638729987666011
35,SNR_5db,ONMF,7,1,0.05,False,0.22117064344502874,7x212,126x7,0.029815200017765164
36,SNR_5db,ONMF,7,1,0.05,False,0.16783583914297487,7x212,126x7,0.02748379996046424
37,SNR_5db,ONMF,7,1,0.05,False,0.22195085802716322,7x212,126x7,0.02510409988462925
38,SNR_5db,ONMF,7,1,0.05,False,0.22362934441194857,7x212,126x7,0.02418419998139143
39,SNR_5db,ONMF,7,1,0.05,False,0.22300877126516364,7x212,126x7,0.024624699959531426
40,SNR_5db,ONMF,7,1,0.05,False,0.2164700133402606,7x212,126x7,0.024594099959358573
41,SNR_5db,ONMF,7,1,0.05,False,0.21871779080193804,7x212,126x7,0.02631029998883605
42,SNR_5db,ONMF,7,1,0.05,False,0.2136898929506307,7x212,126x7,0.026628700084984303
43,SNR_5db,ONMF,7,1,0.05,False,0.21600298531841972,7x212,126x7,0.02738099987618625
44,SNR_5db,ONMF,7,1,0.05,False,0.21458592957646827,7x212,126x7,0.028877999866381288
45,SNR_5db,ONMF,7,1,0.05,False,0.21476066110856545,7x212,126x7,0.025804599979892373
46,SNR_5db,ONMF,7,1,0.05,False,0.21398255335445296,7x212,126x7,0.026352200191468
47,SNR_5db,ONMF,7,1,0.05,False,0.21601710168607374,7x212,126x7,0.030461100162938237
48,SNR_5db,ONMF,7,1,0.05,False,0.21569935325616685,7x212,126x7,0.02702770009636879
49,SNR_5db,ONMF,7,1,0.05,False,0.21640728492942843,7x212,126x7,0.029679900035262108
50,SNR_5db,ONMF,7,1,0.05,False,0.21493960506381946,7x212,126x7,0.026158099994063377
51,SNR_5db,ONMF,7,1,0.05,False,0.21660386131244908,7x212,126x7,0.031368400203064084
52,SNR_5db,ONMF,7,1,0.05,False,0.21752942771268494,7x212,126x7,0.02866190019994974
53,SNR_5db,ONMF,7,1,0.05,False,0.21756565380082776,7x212,126x7,0.027513900073245168
54,SNR_5db,ONMF,7,1,0.05,False,0.21815327058037706,7x212,126x7,0.027255799854174256
55,SNR_5db,ONMF,7,1,0.05,False,0.21779125303776647,7x212,126x7,0.024945500073954463
56,SNR_5db,ONMF,7,1,0.05,False,0.21129110100247112,7x212,126x7,0.02746920008212328
57,SNR_5db,ONMF,7,1,0.05,False,0.21679048271431933,7x212,126x7,0.02374289999715984
58,SNR_5db,ONMF,7,1,0.05,False,0.2129148860750601,7x212,126x7,0.025200400035828352
59,SNR_5db,ONMF,7,1,0.05,False,0.21190375379447296,7x212,126x7,0.03059779992327094
60,SNR_5db,ONMF,7,1,0.05,False,0.21518336542707917,7x212,126x7,0.02509420015849173
61,SNR_5db,ONMF,7,1,0.05,False,0.21503853274983356,7x212,126x7,0.0257105000782758
62,SNR_5db,ONMF,7,1,0.05,False,0.21545122446311726,7x212,126x7,0.027669199975207448
63,SNR_5db,ONMF,7,1,0.05,False,0.213761635695977,7x212,126x7,0.026635400019586086
64,SNR_5db,ONMF,7,1,0.05,False,0.2159655551064835,7x212,126x7,0.02431269991211593
65,SNR_5db,ONMF,7,1,0.05,False,0.21698477946824166,7x212,126x7,0.024415599880740047
66,SNR_5db,ONMF,7,1,0.05,False,0.21455367590072683,7x212,126x7,0.02379340003244579
67,SNR_5db,ONMF,7,1,0.05,False,0.21742152424069278,7x212,126x7,0.024559899931773543
68,SNR_5db,ONMF,7,1,0.05,False,0.2171155743479745,7x212,126x7,0.02396639995276928
69,SNR_5db,ONMF,7,1,0.05,False,0.21870835992214602,7x212,126x7,0.023873899830505252
70,SNR_5db,ONMF,7,1,0.05,False,0.21964081011554482,7x212,126x7,0.024649100145325065
71,SNR_5db,ONMF,7,1,0.05,False,0.2185127081736975,7x212,126x7,0.025693000061437488
72,SNR_5db,ONMF,7,1,0.05,False,0.21667360819467718,7x212,126x7,0.02532370015978813
73,SNR_5db,ONMF,7,1,0.05,False,0.21875401031682945,7x212,126x7,0.02400940004736185
74,SNR_5db,ONMF,7,1,0.05,False,0.22019186935274643,7x212,126x7,0.024579399963840842
75,SNR_5db,ONMF,7,1,0.05,False,0.21928470267563757,7x212,126x7,0.024132499936968088
76,SNR_5db,ONMF,7,1,0.05,False,0.22016731712482895,7x212,126x7,0.02438109996728599
77,SNR_5db,ONMF,7,1,0.05,False,0.2214215844898156,7x212,126x7,0.02408939995802939
78,SNR_5db,ONMF,7,1,0.05,False,0.21988543972655406,7x212,126x7,0.027052799938246608
79,SNR_5db,ONMF,7,1,0.05,False,0.21911197679161265,7x212,126x7,0.024854699848219752
80,SNR_5db,ONMF,7,1,0.05,False,0.21788002117565006,7x212,126x7,0.028862199978902936
81,SNR_5db,ONMF,7,1,0.05,False,0.21619093195504122,7x212,126x7,0.029605200048536062
82,SNR_5db,ONMF,7,1,0.05,False,0.21842092477373728,7x212,126x7,0.0273845000192523
83,SNR_5db,ONMF,7,1,0.05,False,0.21979582137826476,7x212,126x7,0.027022700058296323
84,SNR_5db,ONMF,7,1,0.05,False,0.21740204266029367,7x212,126x7,0.02777280006557703
85,SNR_5db,ONMF,7,1,0.05,False,0.2177866864903044,7x212,126x7,0.024792499840259552
86,SNR_5db,ONMF,7,1,0.05,False,0.21825964576688506,7x212,126x7,0.02838999987579882
87,SNR_5db,ONMF,7,1,0.05,False,0.22007633088810172,7x212,126x7,0.025026499992236495
88,SNR_5db,ONMF,7,1,0.05,False,0.21812999431821467,7x212,126x7,0.02996730012819171
89,SNR_5db,ONMF,7,1,0.05,False,0.21909436057324722,7x212,126x7,0.033496899995952845
90,SNR_5db,ONMF,7,1,0.05,False,0.21799342354359952,7x212,126x7,0.027137399883940816
91,SNR_5db,ONMF,7,1,0.05,False,0.2163960326142889,7x212,126x7,0.024844600120559335
92,SNR_5db,ONMF,7,1,0.05,False,0.2202462326486844,7x212,126x7,0.024542100029066205
93,SNR_5db,ONMF,7,1,0.05,False,0.22067558958062353,7x212,126x7,0.02412499999627471
94,SNR_5db,ONMF,7,1,0.05,False,0.21939984755950637,7x212,126x7,0.02677160012535751
95,SNR_5db,ONMF,7,1,0.05,False,0.2150400709446427,7x212,126x7,0.029176600044593215
96,SNR_5db,ONMF,7,1,0.05,False,0.21767039144393752,7x212,126x7,0.025416499935090542
97,SNR_5db,ONMF,7,1,0.05,False,0.2240178457819439,7x212,126x7,0.025265299947932363
98,SNR_5db,ONMF,7,1,0.05,False,0.2156040793235652,7x212,126x7,0.02347010001540184
99,SNR_5db,ONMF,7,1,0.05,False,0.21384015038906556,7x212,126x7,0.023777199909090996
100,SNR_5db,ONMF,7,1,0.05,False,0.2135536859799206,7x212,126x7,0.025238199857994914
101,SNR_5db,ONMF,7,1,0.05,False,0.21687118399359043,7x212,126x7,0.02376940008252859
102,SNR_5db,ONMF,7,1,0.05,False,0.21243002740774933,7x212,126x7,0.024033099878579378
103,SNR_5db,ONMF,7,1,0.05,False,0.21335148471004617,7x212,126x7,0.028203799854964018
104,SNR_5db,ONMF,7,1,0.05,False,0.21385190849439273,7x212,126x7,0.026946400059387088
105,SNR_5db,ONMF,7,1,0.05,False,0.21459521903885517,7x212,126x7,0.02756089996546507
106,SNR_5db,ONMF,7,1,0.05,False,0.2158043135727756,7x212,126x7,0.025244300020858645
107,SNR_5db,ONMF,7,1,0.05,False,0.22044602600663427,7x212,126x7,0.02803510008379817
108,SNR_5db,ONMF,7,1,0.05,False,0.21056788088125092,7x212,126x7,0.029477299889549613
109,SNR_5db,ONMF,7,1,0.05,False,0.2216692942805455,7x212,126x7,0.026521099964156747
110,SNR_5db,ONMF,7,1,0.05,False,0.21357635609633868,7x212,126x7,0.026468500029295683
111,SNR_5db,ONMF,7,1,0.05,False,0.21729231248486788,7x212,126x7,0.026686500059440732
112,SNR_5db,ONMF,7,1,0.05,False,0.2166998678922659,7x212,126x7,0.028241500025615096
113,SNR_5db,ONMF,7,1,0.05,False,0.21834166585143658,7x212,126x7,0.026186599861830473
114,SNR_5db,ONMF,7,1,0.05,False,0.2162982934482037,7x212,126x7,0.025675100041553378
115,SNR_5db,ONMF,7,1,0.05,False,0.21705359586842013,7x212,126x7,0.024392599938437343
116,SNR_5db,ONMF,7,1,0.05,False,0.21562554237145656,7x212,126x7,0.025562499882653356
117,SNR_5db,ONMF,7,1,0.05,False,0.21760744882967947,7x212,126x7,0.027222000062465668
118,SNR_5db,ONMF,7,1,0.05,False,0.21528036012427082,7x212,126x7,0.02916979999281466
119,SNR_5db,ONMF,7,1,0.05,False,0.21475994373865714,7x212,126x7,0.025725100189447403
120,SNR_5db,ONMF,7,1,0.05,False,0.21907767418596752,7x212,126x7,0.029399099992588162
121,SNR_5db,ONMF,7,1,0.05,False,0.2186996682319675,7x212,126x7,0.02895929990336299
122,SNR_5db,ONMF,7,1,0.05,False,0.2126003682130998,7x212,126x7,0.02689659991301596
123,SNR_5db,ONMF,7,1,0.05,False,0.21820002285979279,7x212,126x7,0.027711000060662627
124,SNR_5db,ONMF,7,1,0.05,False,0.21847758219915822,7x212,126x7,0.027466299943625927
125,SNR_5db,ONMF,7,1,0.05,False,0.209574670077893,7x212,126x7,0.024813299998641014
126,SNR_5db,ONMF,7,1,0.05,False,0.21063045617131587,7x212,126x7,0.027121300110593438
127,SNR_5db,ONMF,7,1,0.05,False,0.2077414805115098,7x212,126x7,0.02723790006712079
128,SNR_5db,ONMF,7,1,0.05,False,0.20877202120472108,7x212,126x7,0.02707680012099445
129,SNR_5db,ONMF,7,1,0.05,False,0.20837940082159498,7x212,126x7,0.02983670006506145
130,SNR_5db,ONMF,7,1,0.05,False,0.21127671166715392,7x212,126x7,0.02798279980197549
131,SNR_5db,ONMF,7,1,0.05,False,0.20945664689865495,7x212,126x7,0.028285000007599592
132,SNR_5db,ONMF,7,1,0.05,False,0.2114735590393491,7x212,126x7,0.030867600115016103
133,SNR_5db,ONMF,7,1,0.05,False,0.20824353520537064,7x212,126x7,0.029161999933421612
134,SNR_5db,ONMF,7,1,0.05,False,0.2108994866419712,7x212,126x7,0.03345539979636669
135,SNR_5db,ONMF,7,1,0.05,False,0.2070571274774,7x212,126x7,0.03179710009135306
136,SNR_5db,ONMF,7,1,0.05,False,0.21108653761561696,7x212,126x7,0.03940739994868636
137,SNR_5db,ONMF,7,1,0.05,False,0.20836749177249655,7x212,126x7,0.033424400025978684
138,SNR_5db,ONMF,7,1,0.05,False,0.2100273101030148,7x212,126x7,0.02544840006157756
139,SNR_5db,ONMF,7,1,0.05,False,0.20890853736030962,7x212,126x7,0.028565300162881613
140,SNR_5db,ONMF,7,1,0.05,False,0.20845808719975528,7x212,126x7,0.027331599965691566
141,SNR_5db,ONMF,7,1,0.05,False,0.21284115775331963,7x212,126x7,0.026276699965819716
142,SNR_5db,ONMF,7,1,0.05,False,0.20915028297144672,7x212,126x7,0.02504250011406839
143,SNR_5db,ONMF,7,1,0.05,False,0.20920872446590935,7x212,126x7,0.025092899799346924
144,SNR_5db,ONMF,7,1,0.05,False,0.21125619319955358,7x212,126x7,0.02387360017746687
145,SNR_5db,ONMF,7,1,0.05,False,0.20873681958666684,7x212,126x7,0.02507640002295375
146,SNR_5db,ONMF,7,1,0.05,False,0.20983057521018153,7x212,126x7,0.02455159998498857
147,SNR_5db,ONMF,7,1,0.05,False,0.2090907162694232,7x212,126x7,0.025916900020092726
148,SNR_5db,ONMF,7,1,0.05,False,0.20846547062631798,7x212,126x7,0.026080899871885777
149,SNR_5db,ONMF,7,1,0.05,False,0.20886670815814498,7x212,126x7,0.026063599856570363
150,SNR_5db,ONMF,7,1,0.05,False,0.20801934446644493,7x212,126x7,0.02578440005891025
151,SNR_5db,ONMF,7,1,0.05,False,0.20920998658069226,7x212,126x7,0.025340900057926774
152,SNR_5db,ONMF,7,1,0.05,False,0.2136152219722291,7x212,126x7,0.025591099867597222
153,SNR_5db,ONMF,7,1,0.05,False,0.2089334760021259,7x212,126x7,0.024476000107824802
154,SNR_5db,ONMF,7,1,0.05,False,0.21340991502822446,7x212,126x7,0.024004600010812283
155,SNR_5db,ONMF,7,1,0.05,False,0.21015058993258384,7x212,126x7,0.02535160002298653
156,SNR_5db,ONMF,7,1,0.05,False,0.2182370121766361,7x212,126x7,0.023727700114250183
157,SNR_5db,ONMF,7,1,0.05,False,0.2211738014746365,7x212,126x7,0.024761300068348646
158,SNR_5db,ONMF,7,1,0.05,False,0.22074064840352106,7x212,126x7,0.02473270008340478
159,SNR_5db,ONMF,7,1,0.05,False,0.2215814338882173,7x212,126x7,0.024527400033548474
160,SNR_5db,ONMF,7,1,0.05,False,0.2231858032882103,7x212,126x7,0.02380339987576008
161,SNR_5db,ONMF,7,1,0.05,False,0.22209864902716983,7x212,126x7,0.023957999888807535
162,SNR_5db,ONMF,7,1,0.05,False,0.21763973015160093,7x212,126x7,0.024109699996188283
163,SNR_5db,ONMF,7,1,0.05,False,0.2227744036379038,7x212,126x7,0.02328470000065863
164,SNR_5db,ONMF,7,1,0.05,False,0.22050478365386136,7x212,126x7,0.023856200044974685
165,SNR_5db,ONMF,7,1,0.05,False,0.22301665974488125,7x212,126x7,0.024088399950414896
166,SNR_5db,ONMF,7,1,0.05,False,0.2206329961421642,7x212,126x7,0.026052000001072884
167,SNR_5db,ONMF,7,1,0.05,False,0.22379155278193288,7x212,126x7,0.023827900178730488
168,SNR_5db,ONMF,7,1,0.05,False,0.2236234530995866,7x212,126x7,0.02893869997933507
169,SNR_5db,ONMF,7,1,0.05,False,0.22350243229967637,7x212,126x7,0.025545200100168586
170,SNR_5db,ONMF,7,1,0.05,False,0.22510656252979552,7x212,126x7,0.02532500005327165
171,SNR_5db,ONMF,7,1,0.05,False,0.22281273666243398,7x212,126x7,0.026465200120583177
172,SNR_5db,ONMF,7,1,0.05,False,0.22397045512642078,7x212,126x7,0.02765099983662367
173,SNR_5db,ONMF,7,1,0.05,False,0.2253183818426202,7x212,126x7,0.027288499986752868
174,SNR_5db,ONMF,7,1,0.05,False,0.221138406098012,7x212,126x7,0.025896800216287374
175,SNR_5db,ONMF,7,1,0.05,False,0.22435099257735247,7x212,126x7,0.029136399971321225
176,SNR_5db,ONMF,7,1,0.05,False,0.21822432090705052,7x212,126x7,0.029688900103792548
177,SNR_5db,ONMF,7,1,0.05,False,0.22307678809525724,7x212,126x7,0.029991399962455034
178,SNR_5db,ONMF,7,1,0.05,False,0.22242408924083695,7x212,126x7,0.03286009980365634
179,SNR_5db,ONMF,7,1,0.05,False,0.22426754064448923,7x212,126x7,0.024840400088578463
180,SNR_5db,ONMF,7,1,0.05,False,0.22357617724580983,7x212,126x7,0.025606799870729446
181,SNR_5db,ONMF,7,1,0.05,False,0.22332804804290068,7x212,126x7,0.02406170009635389
182,SNR_5db,ONMF,7,1,0.05,False,0.22052147185974763,7x212,126x7,0.024285900173708797
183,SNR_5db,ONMF,7,1,0.05,False,0.21759423496787555,7x212,126x7,0.023179899901151657
184,SNR_5db,ONMF,7,1,0.05,False,0.22271842788784302,7x212,126x7,0.024453700054436922
185,SNR_5db,ONMF,7,1,0.05,False,0.2247728754231975,7x212,126x7,0.023461699951440096
186,SNR_5db,ONMF,7,1,0.05,False,0.2232391440140057,7x212,126x7,0.024351799860596657
187,SNR_5db,ONMF,7,1,0.05,False,0.22550819131585131,7x212,126x7,0.025090500013902783
188,SNR_5db,ONMF,7,1,0.05,False,0.22222900657350458,7x212,126x7,0.024151100078597665
189,SNR_5db,ONMF,7,1,0.05,False,0.22389085947515533,7x212,126x7,0.023908300092443824
190,SNR_5db,ONMF,7,1,0.05,False,0.22656972863692879,7x212,126x7,0.02477989997714758
191,SNR_5db,ONMF,7,1,0.05,False,0.22098821856924855,7x212,126x7,0.025477100163698196
192,SNR_5db,ONMF,7,1,0.05,False,0.22675525841064947,7x212,126x7,0.023886800045147538
193,SNR_5db,ONMF,7,1,0.05,False,0.22039326611864812,7x212,126x7,0.02368919993750751
194,SNR_5db,ONMF,7,1,0.05,False,0.2228399195423362,7x212,126x7,0.023855599807575345
195,SNR_5db,ONMF,7,1,0.05,False,0.22914602150826963,7x212,126x7,0.024261999875307083
196,SNR_5db,ONMF,7,1,0.05,False,0.237576752233339,7x212,126x7,0.023413999937474728
197,SNR_5db,ONMF,7,1,0.05,False,0.2306963870770694,7x212,126x7,0.023199399933218956
198,SNR_5db,ONMF,7,1,0.05,False,0.2240506712972081,7x212,126x7,0.024887100094929338
199,SNR_5db,ONMF,7,1,0.05,False,0.22795775098000481,7x212,126x7,0.023420500103384256
200,SNR_5db,ONMF,7,1,0.05,False,0.24194962603961656,7x212,126x7,0.025173000060021877
201,SNR_5db,ONMF,7,1,0.05,False,0.23529491499359195,7x212,126x7,0.023955699987709522
202,SNR_5db,ONMF,7,1,0.05,False,0.23780388818376502,7x212,126x7,0.025686300126835704
203,SNR_5db,ONMF,7,1,0.05,False,0.23709291555986617,7x212,126x7,0.025293800048530102
204,SNR_5db,ONMF,7,1,0.05,False,0.23477742493790948,7x212,126x7,0.02860710001550615
205,SNR_5db,ONMF,7,1,0.05,False,0.24348530287900988,7x212,126x7,0.028081499971449375
206,SNR_5db,ONMF,7,1,0.05,False,0.24233180830329784,7x212,126x7,0.029370700009167194
207,SNR_5db,ONMF,7,1,0.05,False,0.235577587308585,7x212,126x7,0.0293184001930058
208,SNR_5db,ONMF,7,1,0.05,False,0.23170345508903542,7x212,126x7,0.037459899904206395
209,SNR_5db,ONMF,7,1,0.05,False,0.24526999549596515,7x212,126x7,0.026719599962234497
210,SNR_5db,ONMF,7,1,0.05,False,0.23891526257453474,7x212,126x7,0.029057799838483334
211,SNR_5db,ONMF,7,1,0.05,False,0.2431621300143605,7x212,126x7,0.025367899797856808
212,SNR_5db,ONMF,7,1,0.05,False,0.24501502747500223,7x212,126x7,0.03157870005816221
213,SNR_5db,ONMF,7,1,0.05,False,0.23217909478883011,7x212,126x7,0.028549799928441644
214,SNR_5db,ONMF,7,1,0.05,False,0.23597451277533135,7x212,126x7,0.025204200064763427
215,SNR_5db,ONMF,7,1,0.05,False,0.24477283475255934,7x212,126x7,0.025053299963474274
216,SNR_5db,ONMF,7,1,0.05,False,0.23554034245347785,7x212,126x7,0.025423599872738123
217,SNR_5db,ONMF,7,1,0.05,False,0.24339813128299587,7x212,126x7,0.026234100107103586
218,SNR_5db,ONMF,7,1,0.05,False,0.24516356394757022,7x212,126x7,0.025825699791312218
219,SNR_5db,ONMF,7,1,0.05,False,0.23129090602764182,7x212,126x7,0.02835169993340969
220,SNR_5db,ONMF,7,1,0.05,False,0.23679104837938095,7x212,126x7,0.026410700054839253
221,SNR_5db,ONMF,7,1,0.05,False,0.24119032623473538,7x212,126x7,0.02544619981199503
222,SNR_5db,ONMF,7,1,0.05,False,0.24262043002728426,7x212,126x7,0.027479299809783697
223,SNR_5db,ONMF,7,1,0.05,False,0.23694573086556595,7x212,126x7,0.026068500010296702
224,SNR_5db,ONMF,7,1,0.05,False,0.2422257058919645,7x212,126x7,0.02516520000062883
225,SNR_5db,ONMF,7,1,0.05,False,0.2306544329701215,7x212,126x7,0.02559030009433627
226,SNR_5db,ONMF,7,1,0.05,False,0.23490071100328055,7x212,126x7,0.02598279993981123
227,SNR_5db,ONMF,7,1,0.05,False,0.24275792971925125,7x212,126x7,0.026303699938580394
228,SNR_5db,ONMF,7,1,0.05,False,0.2371338871703423,7x212,126x7,0.024648400023579597
229,SNR_5db,ONMF,7,1,0.05,False,0.238198438444489,7x212,126x7,0.027716599870473146
230,SNR_5db,ONMF,7,1,0.05,False,0.24438331061391824,7x212,126x7,0.026807300047948956
231,SNR_5db,ONMF,7,1,0.05,False,0.2269859181350097,7x212,126x7,0.023722999962046742
232,SNR_5db,ONMF,7,1,0.05,False,0.23305043955844465,7x212,126x7,0.02817379985935986
233,SNR_5db,ONMF,7,1,0.05,False,0.24225297120769337,7x212,126x7,0.025475699920207262
234,SNR_5db,ONMF,7,1,0.05,False,0.24044267260524893,7x212,126x7,0.025798300048336387
235,SNR_5db,ONMF,7,1,0.05,False,0.23973244215427533,7x212,126x7,0.023995600175112486
236,SNR_5db,ONMF,7,1,0.05,False,0.24164808775963326,7x212,126x7,0.03275840007700026
237,SNR_5db,ONMF,7,1,0.05,False,0.23025871622615765,7x212,126x7,0.031858500093221664
238,SNR_5db,ONMF,7,1,0.05,False,0.23623243031542304,7x212,126x7,0.026172899873927236
239,SNR_5db,ONMF,7,1,0.05,False,0.2463979905420575,7x212,126x7,0.025252499850466847
240,SNR_5db,ONMF,7,1,0.05,False,0.24040395303197884,7x212,126x7,0.031115399906411767
241,SNR_5db,ONMF,7,1,0.05,False,0.24226131902997555,7x212,126x7,0.02540830010548234
242,SNR_5db,ONMF,7,1,0.05,False,0.2389414073845936,7x212,126x7,0.02544340002350509
243,SNR_5db,ONMF,7,1,0.05,False,0.23260029491292677,7x212,126x7,0.03301089978776872
244,SNR_5db,ONMF,7,1,0.05,False,0.233571295698019,7x212,126x7,0.027278099907562137
245,SNR_5db,ONMF,7,1,0.05,False,0.23995092593145126,7x212,126x7,0.026728699915111065
246,SNR_5db,ONMF,7,1,0.05,False,0.24331491469242067,7x212,126x7,0.030986699974164367
247,SNR_5db,ONMF,7,1,0.05,False,0.19317294750829403,7x212,126x7,0.032780899899080396
248,SNR_5db,ONMF,7,1,0.05,False,0.23491609313547676,7x212,126x7,0.032525200163945556
249,SNR_5db,ONMF,7,1,0.05,False,0.22445323931221894,7x212,126x7,0.03056270000524819
250,SNR_5db,ONMF,7,1,0.05,False,0.22906693459148234,7x212,126x7,0.027190699940547347
251,SNR_5db,ONMF,7,1,0.05,False,0.22892310751422915,7x212,126x7,0.026275899959728122
252,SNR_5db,ONMF,7,1,0.05,False,0.22868088445323967,7x212,126x7,0.028898000018671155
253,SNR_5db,ONMF,7,1,0.05,False,0.22999984649600239,7x212,126x7,0.028118199901655316
254,SNR_5db,ONMF,7,1,0.05,False,0.23616151377177938,7x212,126x7,0.025507699931040406
255,SNR_5db,ONMF,7,1,0.05,False,0.23211687994438715,7x212,126x7,0.02719060005620122
256,SNR_5db,ONMF,7,1,0.05,False,0.23962037336790606,7x212,126x7,0.02569740009494126
257,SNR_5db,ONMF,7,1,0.05,False,0.23156994253781513,7x212,126x7,0.028602999867871404
258,SNR_5db,ONMF,7,1,0.05,False,0.23407946260696594,7x212,126x7,0.02472069999203086
259,SNR_5db,ONMF,7,1,0.05,False,0.24226097304819774,7x212,126x7,0.032636400079354644
260,SNR_5db,ONMF,7,1,0.05,False,0.2478757530217088,7x212,126x7,0.03065000008791685
261,SNR_5db,ONMF,7,1,0.05,False,0.23577454530141986,7x212,126x7,0.02758770016953349
262,SNR_5db,ONMF,7,1,0.05,False,0.2456034806337106,7x212,126x7,0.026778400177136064
263,SNR_5db,ONMF,7,1,0.05,False,0.2417899186864563,7x212,126x7,0.024977999972179532
264,SNR_5db,ONMF,7,1,0.05,False,0.2338228384093507,7x212,126x7,0.024308199994266033
265,SNR_5db,ONMF,7,1,0.05,False,0.23360343960388524,7x212,126x7,0.02517280005849898
266,SNR_5db,ONMF,7,1,0.05,False,0.24698288239521016,7x212,126x7,0.024946199962869287
267,SNR_5db,ONMF,7,1,0.05,False,0.23562034093104808,7x212,126x7,0.025567600037902594
268,SNR_5db,ONMF,7,1,0.05,False,0.2305721779016273,7x212,126x7,0.026066299993544817
269,SNR_5db,ONMF,7,1,0.05,False,0.23233472536500036,7x212,126x7,0.025749099906533957
270,SNR_5db,ONMF,7,1,0.05,False,0.23606786497401708,7x212,126x7,0.02712669991888106
271,SNR_5db,ONMF,7,1,0.05,False,0.22741947132083376,7x212,126x7,0.026959699811413884
272,SNR_5db,ONMF,7,1,0.05,False,0.23581165149010333,7x212,126x7,0.02834490011446178
273,SNR_5db,ONMF,7,1,0.05,False,0.24063350075855966,7x212,126x7,0.028121799929067492
274,SNR_5db,ONMF,7,1,0.05,False,0.23345838237746416,7x212,126x7,0.02611460001207888
275,SNR_5db,ONMF,7,1,0.05,False,0.22723480772688157,7x212,126x7,0.02828120021149516
276,SNR_5db,ONMF,7,1,0.05,False,0.2453799080959701,7x212,126x7,0.030061000026762486
277,SNR_5db,ONMF,7,1,0.05,False,0.23023714670176645,7x212,126x7,0.02560179983265698
278,SNR_5db,ONMF,7,1,0.05,False,0.23279286337202193,7x212,126x7,0.02873539994470775
279,SNR_5db,ONMF,7,1,0.05,False,0.24536630019108766,7x212,126x7,0.031052300008013844
280,SNR_5db,ONMF,7,1,0.05,False,0.24024540081587986,7x212,126x7,0.02938179997727275
281,SNR_5db,ONMF,7,1,0.05,False,0.2495510358112066,7x212,126x7,0.028549900045618415
282,SNR_5db,ONMF,7,1,0.05,False,0.24576980002037746,7x212,126x7,0.030584099935367703
283,SNR_5db,ONMF,7,1,0.05,False,0.23191626914981328,7x212,126x7,0.03879310004413128
284,SNR_5db,ONMF,7,1,0.05,False,0.23385006172547476,7x212,126x7,0.032475599786266685
285,SNR_5db,ONMF,7,1,0.05,False,0.23209707370580984,7x212,126x7,0.027744799852371216
286,SNR_5db,ONMF,7,1,0.05,False,0.23579619038101254,7x212,126x7,0.03541740006767213
287,SNR_5db,ONMF,7,1,0.05,False,0.2375489435492901,7x212,126x7,0.02775670005939901
288,SNR_5db,ONMF,7,1,0.05,False,0.24125498531909023,7x212,126x7,0.026332100154832006
289,SNR_5db,ONMF,7,1,0.05,False,0.22783199139059704,7x212,126x7,0.024297799915075302
290,SNR_5db,ONMF,7,1,0.05,False,0.23126057267818279,7x212,126x7,0.028284299885854125
291,SNR_5db,ONMF,7,1,0.05,False,0.24232390137023085,7x212,126x7,0.025269599864259362
292,SNR_5db,ONMF,7,1,0.05,False,0.2402408684462918,7x212,126x7,0.027342299930751324
293,SNR_5db,ONMF,7,1,0.05,False,0.23647081451476765,7x212,126x7,0.025432700058445334
294,SNR_5db,ONMF,7,1,0.05,False,0.24336684434980402,7x212,126x7,0.025372300064191222
295,SNR_5db,ONMF,7,1,0.05,False,0.23155530284621115,7x212,126x7,0.025004700059071183
296,SNR_5db,ONMF,7,1,0.05,False,0.2302631112575562,7x212,126x7,0.027440099976956844
297,SNR_5db,ONMF,7,1,0.05,False,0.23960767578690945,7x212,126x7,0.026265399996191263
298,SNR_5db,ONMF,7,1,0.05,False,0.24084014849792665,7x212,126x7,0.027039999840781093
299,SNR_5db,ONMF,7,1,0.05,False,0.20733543922979417,7x212,126x7,0.028662699973210692
300,SNR_5db,ONMF,7,1,0.05,False,0.2369503344334647,7x212,126x7,0.0297947998624295
301,SNR_5db,ONMF,7,1,0.05,False,0.23075651176418727,7x212,126x7,0.025382900144904852
302,SNR_5db,ONMF,7,1,0.05,False,0.23377210337221097,7x212,126x7,0.0267576000187546
303,SNR_5db,ONMF,7,1,0.05,False,0.24394309902084577,7x212,126x7,0.024829299887642264
304,SNR_5db,ONMF,7,1,0.05,False,0.23470283996197736,7x212,126x7,0.0241030000615865
305,SNR_5db,ONMF,7,1,0.05,False,0.2348334623448166,7x212,126x7,0.02349529997445643
306,SNR_5db,ONMF,7,1,0.05,False,0.24777863374484396,7x212,126x7,0.02469979994930327
307,SNR_5db,ONMF,7,1,0.05,False,0.2347603338745371,7x212,126x7,0.02430150005966425
308,SNR_5db,ONMF,7,1,0.05,False,0.23458185059855902,7x212,126x7,0.024117300054058433
309,SNR_5db,ONMF,7,1,0.05,False,0.2399329745270959,7x212,126x7,0.024866800056770444
310,SNR_5db,ONMF,7,1,0.05,False,0.23260668000170048,7x212,126x7,0.02503599994815886
311,SNR_5db,ONMF,7,1,0.05,False,0.23113738534215725,7x212,126x7,0.023624000139534473
312,SNR_5db,ONMF,7,1,0.05,False,0.2281693942976475,7x212,126x7,0.026046300074085593
313,SNR_5db,ONMF,7,1,0.05,False,0.2356567330971667,7x212,126x7,0.024420799920335412
314,SNR_5db,ONMF,7,1,0.05,False,0.243465211511289,7x212,126x7,0.025934299919754267
315,SNR_5db,ONMF,7,1,0.05,False,0.23574256631149743,7x212,126x7,0.030389499850571156
316,SNR_5db,ONMF,7,1,0.05,False,0.2403548616679515,7x212,126x7,0.031285300152376294
317,SNR_5db,ONMF,7,1,0.05,False,0.230300965707175,7x212,126x7,0.029641399858519435
318,SNR_5db,ONMF,7,1,0.05,False,0.23187038713404337,7x212,126x7,0.03407459985464811
319,SNR_5db,ONMF,7,1,0.05,False,0.23759055413672478,7x212,126x7,0.03160910005681217
320,SNR_5db,ONMF,7,1,0.05,False,0.24192423966554202,7x212,126x7,0.0283073999453336
321,SNR_5db,ONMF,7,1,0.05,False,0.23608768556000603,7x212,126x7,0.025762199889868498
322,SNR_5db,ONMF,7,1,0.05,False,0.2403223820254336,7x212,126x7,0.02894450002349913
323,SNR_5db,ONMF,7,1,0.05,False,0.2296426148693822,7x212,126x7,0.02832980011589825
324,SNR_5db,ONMF,7,1,0.05,False,0.23617314531803332,7x212,126x7,0.02684169984422624
325,SNR_5db,ONMF,7,1,0.05,False,0.2398862331683529,7x212,126x7,0.02819940005429089
326,SNR_5db,ONMF,7,1,0.05,False,0.23536097069801762,7x212,126x7,0.03378459997475147
327,SNR_5db,ONMF,7,1,0.05,False,0.19308322367606556,7x212,126x7,0.03063240018673241
328,SNR_5db,ONMF,7,1,0.05,False,0.2423174692735638,7x212,126x7,0.028578100027516484
329,SNR_5db,ONMF,7,1,0.05,False,0.2367748461611188,7x212,126x7,0.026590700028464198
330,SNR_5db,ONMF,7,1,0.05,False,0.23693535900565094,7x212,126x7,0.026614800095558167
331,SNR_5db,ONMF,7,1,0.05,False,0.23225941081716078,7x212,126x7,0.02580519998446107
332,SNR_5db,ONMF,7,1,0.05,False,0.2523285621770672,7x212,126x7,0.02557720011100173
333,SNR_5db,ONMF,7,1,0.05,False,0.24096985815717809,7x212,126x7,0.026662599993869662
334,SNR_5db,ONMF,7,1,0.05,False,0.20004349085180437,7x212,126x7,0.025591100100427866
335,SNR_5db,ONMF,7,1,0.05,False,0.24491283835171693,7x212,126x7,0.03046340006403625
336,SNR_5db,ONMF,7,1,0.05,False,0.24210722019664957,7x212,126x7,0.02679220004938543
337,SNR_5db,ONMF,7,1,0.05,False,0.24540918578757515,7x212,126x7,0.026172199985012412
338,SNR_5db,ONMF,7,1,0.05,False,0.24726949699405062,7x212,126x7,0.025229500140994787
339,SNR_5db,ONMF,7,1,0.05,False,0.20184072274389003,7x212,126x7,0.03187250019982457
340,SNR_5db,ONMF,7,1,0.05,False,0.2041135065487887,7x212,126x7,0.027077500009909272
341,SNR_5db,ONMF,7,1,0.05,False,0.1998563920214858,7x212,126x7,0.026934700086712837
342,SNR_5db,ONMF,7,1,0.05,False,0.24221157701445897,7x212,126x7,0.025289000011980534
343,SNR_5db,ONMF,7,1,0.05,False,0.2433674827557877,7x212,126x7,0.026542299892753363
344,SNR_5db,ONMF,7,1,0.05,False,0.24784366858078394,7x212,126x7,0.026032400084659457
345,SNR_5db,ONMF,7,1,0.05,False,0.1959227153674492,7x212,126x7,0.025743700098246336
346,SNR_5db,ONMF,7,1,0.05,False,0.24173544910520775,7x212,126x7,0.02447340008802712
347,SNR_5db,ONMF,7,1,0.05,False,0.24236894462469366,7x212,126x7,0.026354999979957938
348,SNR_5db,ONMF,7,1,0.05,False,0.24960522625787748,7x212,126x7,0.025863999966531992
349,SNR_5db,ONMF,7,1,0.05,False,0.19420662648213366,7x212,126x7,0.026442399946972728
350,SNR_5db,ONMF,7,1,0.05,False,0.2465382548029847,7x212,126x7,0.02740649995394051
351,SNR_5db,ONMF,7,1,0.05,False,0.19768311756443613,7x212,126x7,0.026547100162133574
352,SNR_5db,ONMF,7,1,0.05,False,0.20127526418447217,7x212,126x7,0.025328299961984158
353,SNR_5db,ONMF,7,1,0.05,False,0.21176105196416609,7x212,126x7,0.02398760011419654
354,SNR_5db,ONMF,7,1,0.05,False,0.2546304344218397,7x212,126x7,0.025100199971348047
355,SNR_5db,ONMF,7,1,0.05,False,0.24757169532601514,7x212,126x7,0.024753399891778827
356,SNR_5db,ONMF,7,1,0.05,False,0.24877199656867466,7x212,126x7,0.026755900122225285
357,SNR_5db,ONMF,7,1,0.05,False,0.2432706397911017,7x212,126x7,0.025617900071665645
358,SNR_5db,ONMF,7,1,0.05,False,0.24448387376047226,7x212,126x7,0.0289385998621583
359,SNR_5db,ONMF,7,1,0.05,False,0.23921259673007123,7x212,126x7,0.025739300064742565
360,SNR_5db,ONMF,7,1,0.05,False,0.24256809889486416,7x212,126x7,0.02511360007338226
361,SNR_5db,ONMF,7,1,0.05,False,0.24634580545407228,7x212,126x7,0.02599609992466867
362,SNR_5db,ONMF,7,1,0.05,False,0.2436547224976827,7x212,126x7,0.03205269994214177
363,SNR_5db,ONMF,7,1,0.05,False,0.2107629300515613,7x212,126x7,0.03129020007327199
364,SNR_5db,ONMF,7,1,0.05,False,0.2271863895863213,7x212,126x7,0.025787399848923087
365,SNR_5db,ONMF,7,1,0.05,False,0.2603278151156466,7x212,126x7,0.027267599944025278
366,SNR_5db,ONMF,7,1,0.05,False,0.21865890932847895,7x212,126x7,0.026053200010210276
367,SNR_5db,ONMF,7,1,0.05,False,0.21545517882153978,7x212,126x7,0.024352299980819225
368,SNR_5db,ONMF,7,1,0.05,False,0.2690688195098076,7x212,126x7,0.024629899999126792
369,SNR_5db,ONMF,7,1,0.05,False,0.2175102753588478,7x212,126x7,0.024622200056910515
370,SNR_5db,ONMF,7,1,0.05,False,0.23176022602073687,7x212,126x7,0.024322799872606993
371,SNR_5db,ONMF,7,1,0.05,False,0.26520285737131283,7x212,126x7,0.025255499873310328
372,SNR_5db,ONMF,7,1,0.05,False,0.21555676686907305,7x212,126x7,0.024448500014841557
373,SNR_5db,ONMF,7,1,0.05,False,0.20902589180321146,7x212,126x7,0.024649799801409245
374,SNR_5db,ONMF,7,1,0.05,False,0.2764728556752338,7x212,126x7,0.024643999990075827
375,SNR_5db,ONMF,7,1,0.05,False,0.20925860082646108,7x212,126x7,0.025253300089389086
376,SNR_5db,ONMF,7,1,0.05,False,0.2201019509411802,7x212,126x7,0.024651600047945976
377,SNR_5db,ONMF,7,1,0.05,False,0.21937436271735677,7x212,126x7,0.027861000038683414
378,SNR_5db,ONMF,7,1,0.05,False,0.265956076273304,7x212,126x7,0.026041599921882153
379,SNR_5db,ONMF,7,1,0.05,False,0.28784933413849056,7x212,126x7,0.025706599932163954
380,SNR_5db,ONMF,7,1,0.05,False,0.28360794593127736,7x212,126x7,0.024250000016763806
381,SNR_5db,ONMF,7,1,0.05,False,0.2765144849743684,7x212,126x7,0.024270200170576572
382,SNR_5db,ONMF,7,1,0.05,False,0.2770439388557306,7x212,126x7,0.024677300127223134
383,SNR_5db,ONMF,7,1,0.05,False,0.2478445565897493,7x212,126x7,0.024300799937918782
384,SNR_5db,ONMF,7,1,0.05,False,0.24091016082680672,7x212,126x7,0.023857900174334645
385,SNR_5db,ONMF,7,1,0.05,False,0.24875757135634258,7x212,126x7,0.02447960013523698
386,SNR_5db,ONMF,7,1,0.05,False,0.25172743105329287,7x212,126x7,0.02373989997431636
387,SNR_5db,ONMF,7,1,0.05,False,0.2303176977276919,7x212,126x7,0.02511469996534288
388,SNR_5db,ONMF,7,1,0.05,False,0.23080297784498774,7x212,126x7,0.02332619996741414
389,SNR_5db,ONMF,7,1,0.05,False,0.282825320224164,7x212,126x7,0.023858699947595596
390,SNR_5db,ONMF,7,1,0.05,False,0.2770725038397737,7x212,126x7,0.024437899934127927
391,SNR_5db,ONMF,7,1,0.05,False,0.2088783705807864,7x212,126x7,0.02432250021956861
392,SNR_5db,ONMF,7,1,0.05,False,0.1968807816947332,7x212,126x7,0.025241700001060963
393,SNR_5db,ONMF,7,1,0.05,False,0.2009796398779689,7x212,126x7,0.026444199960678816
394,SNR_5db,ONMF,7,1,0.05,False,0.1903888718845093,7x212,126x7,0.025379700120538473
395,SNR_5db,ONMF,7,1,0.05,False,0.18493495802971027,7x212,126x7,0.028967800084501505
396,SNR_5db,ONMF,7,1,0.05,False,0.18404370099032533,7x212,126x7,0.03315329994075
397,SNR_5db,ONMF,7,1,0.05,False,0.1936256648978255,7x212,126x7,0.026542700128629804
398,SNR_5db,ONMF,7,1,0.05,False,0.17868038994853858,7x212,126x7,0.027410499984398484
399,SNR_5db,ONMF,7,1,0.05,False,0.18330665529028206,7x212,126x7,0.027177699841558933
400,SNR_5db,ONMF,7,1,0.05,False,0.2432329388844092,7x212,126x7,0.025300399865955114
401,SNR_5db,ONMF,7,1,0.05,False,0.23988654768409975,7x212,126x7,0.0274469000287354
402,SNR_5db,ONMF,7,1,0.05,False,0.23875763381059653,7x212,126x7,0.02719520009122789
403,SNR_5db,ONMF,7,1,0.05,False,0.23609519156232073,7x212,126x7,0.030573399970307946
404,SNR_5db,ONMF,7,1,0.05,False,0.24032531088317158,7x212,126x7,0.02993989991955459
405,SNR_5db,ONMF,7,1,0.05,False,0.24202797401642037,7x212,126x7,0.02646890003234148
406,SNR_5db,ONMF,7,1,0.05,False,0.2407916590839663,7x212,126x7,0.024839699966832995
407,SNR_5db,ONMF,7,1,0.05,False,0.24079860811187592,7x212,126x7,0.024522499879822135
408,SNR_5db,ONMF,7,1,0.05,False,0.24797347751618193,7x212,126x7,0.023113799979910254
409,SNR_5db,ONMF,7,1,0.05,False,0.24373240913531422,7x212,126x7,0.02718770015053451
410,SNR_5db,ONMF,7,1,0.05,False,0.23569127706917978,7x212,126x7,0.02790450002066791
411,SNR_5db,ONMF,7,1,0.05,False,0.22795099248374023,7x212,126x7,0.029272899962961674
412,SNR_5db,ONMF,7,1,0.05,False,0.254419718818776,7x212,126x7,0.031096399994567037
413,SNR_5db,ONMF,7,1,0.05,False,0.2337714356195511,7x212,126x7,0.03184690000489354
414,SNR_5db,ONMF,7,1,0.05,False,0.24619264735111368,7x212,126x7,0.03260389994829893
415,SNR_5db,ONMF,7,1,0.05,False,0.2485237117342288,7x212,126x7,0.02968839998356998
416,SNR_5db,ONMF,7,1,0.05,False,0.24208978874258286,7x212,126x7,0.023990700021386147
417,SNR_5db,ONMF,7,1,0.05,False,0.24579457847060834,7x212,126x7,0.02736260020174086
418,SNR_5db,ONMF,7,1,0.05,False,0.2502883677806912,7x212,126x7,0.025254399981349707
419,SNR_5db,ONMF,7,1,0.05,False,0.25383957754452857,7x212,126x7,0.025885500013828278
420,SNR_5db,ONMF,7,1,0.05,False,0.24702247665970814,7x212,126x7,0.025041500106453896
421,SNR_5db,ONMF,7,1,0.05,False,0.24774397891884647,7x212,126x7,0.028078099945560098
422,SNR_5db,ONMF,7,1,0.05,False,0.24313622097528423,7x212,126x7,0.024038000032305717
423,SNR_5db,ONMF,7,1,0.05,False,0.231466461699177,7x212,126x7,0.028103800024837255
424,SNR_5db,ONMF,7,1,0.05,False,0.23379857309054736,7x212,126x7,0.02791619999334216
425,SNR_5db,ONMF,7,1,0.05,False,0.24868545859209074,7x212,126x7,0.026196299819275737
426,SNR_5db,ONMF,7,1,0.05,False,0.2485980067879161,7x212,126x7,0.02656970010139048
427,SNR_5db,ONMF,7,1,0.05,False,0.24459659177231405,7x212,126x7,0.02503040013834834
428,SNR_5db,ONMF,7,1,0.05,False,0.2484701670038983,7x212,126x7,0.02603469998575747
429,SNR_5db,ONMF,7,1,0.05,False,0.2497629188145047,7x212,126x7,0.024942300049588084
430,SNR_5db,ONMF,7,1,0.05,False,0.24591939157805795,7x212,126x7,0.02553680003620684
431,SNR_5db,ONMF,7,1,0.05,False,0.2604525646418225,7x212,126x7,0.02362130000256002
432,SNR_5db,ONMF,7,1,0.05,False,0.25388879462336456,7x212,126x7,0.02459099981933832
433,SNR_5db,ONMF,7,1,0.05,False,0.22820780495601226,7x212,126x7,0.025668099988251925
434,SNR_5db,ONMF,7,1,0.05,False,0.22469450034179123,7x212,126x7,0.02560649998486042
435,SNR_5db,ONMF,7,1,0.05,False,0.22648036787389275,7x212,126x7,0.028521499829366803
436,SNR_5db,ONMF,7,1,0.05,False,0.23679074216094886,7x212,126x7,0.03697209991514683
437,SNR_5db,ONMF,7,1,0.05,False,0.22292966485853832,7x212,126x7,0.025796999922022223
438,SNR_5db,ONMF,7,1,0.05,False,0.23060223238904295,7x212,126x7,0.027181899873539805
439,SNR_5db,ONMF,7,1,0.05,False,0.24873889516427855,7x212,126x7,0.024614800000563264
440,SNR_5db,ONMF,7,1,0.05,False,0.2513237435361559,7x212,126x7,0.02620520000346005
441,SNR_5db,ONMF,7,1,0.05,False,0.25527555257843165,7x212,126x7,0.02821150003001094
442,SNR_5db,ONMF,7,1,0.05,False,0.25128115981602006,7x212,126x7,0.024349800078198314
443,SNR_5db,ONMF,7,1,0.05,False,0.2457176346978037,7x212,126x7,0.025770199950784445
444,SNR_5db,ONMF,7,1,0.05,False,0.2566298490824628,7x212,126x7,0.025885800132527947
445,SNR_5db,ONMF,7,1,0.05,False,0.22470461058842145,7x212,126x7,0.026836700038984418
446,SNR_5db,ONMF,7,1,0.05,False,0.2260890185350194,7x212,126x7,0.025042599998414516
447,SNR_5db,ONMF,7,1,0.05,False,0.2281342007833988,7x212,126x7,0.02484049997292459
448,SNR_5db,ONMF,7,1,0.05,False,0.23001692010523592,7x212,126x7,0.027131600072607398
449,SNR_5db,ONMF,7,1,0.05,False,0.2301300963485742,7x212,126x7,0.02837249985896051
450,SNR_5db,ONMF,7,1,0.05,False,0.22675328227823735,7x212,126x7,0.02981999982148409
451,SNR_5db,ONMF,7,1,0.05,False,0.24613657388073018,7x212,126x7,0.0320590001065284
452,SNR_5db,ONMF,7,1,0.05,False,0.25160595240500644,7x212,126x7,0.025112600065767765
453,SNR_5db,ONMF,7,1,0.05,False,0.2445339033977551,7x212,126x7,0.0318535000551492
454,SNR_5db,ONMF,7,1,0.05,False,0.2550344191041626,7x212,126x7,0.025904300156980753
455,SNR_5db,ONMF,7,1,0.05,False,0.2506242755421029,7x212,126x7,0.029163500061258674
456,SNR_5db,ONMF,7,1,0.05,False,0.24862883211561979,7x212,126x7,0.025633899960666895
457,SNR_5db,ONMF,7,1,0.05,False,0.24755708769053472,7x212,126x7,0.02758740005083382
458,SNR_5db,ONMF,7,1,0.05,False,0.2437475699182389,7x212,126x7,0.026499399915337563
459,SNR_5db,ONMF,7,1,0.05,False,0.24988603948275875,7x212,126x7,0.024800200015306473
460,SNR_5db,ONMF,7,1,0.05,False,0.24519824214358354,7x212,126x7,0.024552500108256936
461,SNR_5db,ONMF,7,1,0.05,False,0.24804595624421477,7x212,126x7,0.02498600003309548
462,SNR_5db,ONMF,7,1,0.05,False,0.24850841383032687,7x212,126x7,0.023513599997386336
463,SNR_5db,ONMF,7,1,0.05,False,0.24623019829756995,7x212,126x7,0.023865099996328354
464,SNR_5db,ONMF,7,1,0.05,False,0.24842914253125356,7x212,126x7,0.02358989999629557
465,SNR_5db,ONMF,7,1,0.05,False,0.2504663672231782,7x212,126x7,0.02660540002398193
466,SNR_5db,ONMF,7,1,0.05,False,0.2487594214853481,7x212,126x7,0.024537099990993738
467,SNR_5db,ONMF,7,1,0.05,False,0.2520817805860775,7x212,126x7,0.026024100137874484
468,SNR_5db,ONMF,7,1,0.05,False,0.2393343392579528,7x212,126x7,0.025031799916177988
469,SNR_5db,ONMF,7,1,0.05,False,0.2522169056731823,7x212,126x7,0.024472099961712956
470,SNR_5db,ONMF,7,1,0.05,False,0.24908866515283987,7x212,126x7,0.025505400029942393
471,SNR_5db,ONMF,7,1,0.05,False,0.24509092403798133,7x212,126x7,0.027837800094857812
472,SNR_5db,ONMF,7,1,0.05,False,0.2413173190661271,7x212,126x7,0.0279101999476552
473,SNR_5db,ONMF,7,1,0.05,False,0.25644342747974874,7x212,126x7,0.025886399904266
474,SNR_5db,ONMF,7,1,0.05,False,0.24087837674752677,7x212,126x7,0.026865200139582157
475,SNR_5db,ONMF,7,1,0.05,False,0.24414236974201906,7x212,126x7,0.026300400029867887
476,SNR_5db,ONMF,7,1,0.05,False,0.25235382449330845,7x212,126x7,0.027568999910727143
477,SNR_5db,ONMF,7,1,0.05,False,0.24584399108981075,7x212,126x7,0.02897410001605749
478,SNR_5db,ONMF,7,1,0.05,False,0.25139141805251547,7x212,126x7,0.027820599963888526
479,SNR_5db,ONMF,7,1,0.05,False,0.22983993813356243,7x212,126x7,0.027479900047183037
480,SNR_5db,ONMF,7,1,0.05,False,0.22936711367968568,7x212,126x7,0.026584699982777238
481,SNR_5db,ONMF,7,1,0.05,False,0.22708103861764714,7x212,126x7,0.02484630001708865
482,SNR_5db,ONMF,7,1,0.05,False,0.22804142304447794,7x212,126x7,0.025249100057408214
483,SNR_5db,ONMF,7,1,0.05,False,0.2281650570670135,7x212,126x7,0.028828900074586272
484,SNR_5db,ONMF,7,1,0.05,False,0.22561710088000167,7x212,126x7,0.023145199986174703
485,SNR_5db,ONMF,7,1,0.05,False,0.22381005167759005,7x212,126x7,0.02356680016964674
486,SNR_5db,ONMF,7,1,0.05,False,0.2255595292331666,7x212,126x7,0.02392090018838644
487,SNR_5db,ONMF,7,1,0.05,False,0.20969812541863603,7x212,126x7,0.023359299870207906
488,SNR_5db,ONMF,7,1,0.05,False,0.25114884363500606,7x212,126x7,0.02483149990439415
489,SNR_5db,ONMF,7,1,0.05,False,0.2558846894606507,7x212,126x7,0.022590599954128265
490,SNR_5db,ONMF,7,1,0.05,False,0.25492578636182067,7x212,126x7,0.02392790000885725
491,SNR_5db,ONMF,7,1,0.05,False,0.25115824871081843,7x212,126x7,0.023443100042641163
492,SNR_5db,ONMF,7,1,0.05,False,0.26191624691723275,7x212,126x7,0.024839599849656224
493,SNR_5db,ONMF,7,1,0.05,False,0.20749609211753473,7x212,126x7,0.024011099943891168
494,SNR_5db,ONMF,7,1,0.05,False,0.25175560676854575,7x212,126x7,0.023130999878048897
495,SNR_5db,ONMF,7,1,0.05,False,0.25499044388043324,7x212,126x7,0.025720200035721064
496,SNR_5db,ONMF,7,1,0.05,False,0.2501631891518489,7x212,126x7,0.02858879999257624
497,SNR_5db,ONMF,7,1,0.05,False,0.2059517914439781,7x212,126x7,0.028131100116297603
498,SNR_5db,ONMF,7,1,0.05,False,0.2577760184505119,7x212,126x7,0.027863299939781427
499,SNR_5db,ONMF,7,1,0.05,False,0.19712528889285916,7x212,126x7,0.024451800156384706
500,SNR_5db,ONMF,7,1,0.05,False,0.2533894173970224,7x212,126x7,0.028712400002405047
501,SNR_5db,ONMF,7,1,0.05,False,0.24980743429721303,7x212,126x7,0.03225330007262528
502,SNR_5db,ONMF,7,1,0.05,False,0.2517458439748697,7x212,126x7,0.028181999921798706
503,SNR_5db,ONMF,7,1,0.05,False,0.24843666288361718,7x212,126x7,0.02563749998807907
504,SNR_5db,ONMF,7,1,0.05,False,0.24750810040314158,7x212,126x7,0.030935199931263924
505,SNR_5db,ONMF,7,1,0.05,False,0.24916960798393634,7x212,126x7,0.02521059988066554
506,SNR_5db,ONMF,7,1,0.05,False,0.24669039465291134,7x212,126x7,0.026065800106152892
507,SNR_5db,ONMF,7,1,0.05,False,0.2448317850442292,7x212,126x7,0.027836000081151724
508,SNR_5db,ONMF,7,1,0.05,False,0.2471939419714352,7x212,126x7,0.02468759985640645
509,SNR_5db,ONMF,7,1,0.05,False,0.2509195385752286,7x212,126x7,0.02802940015681088
510,SNR_5db,ONMF,7,1,0.05,False,0.24873084627666753,7x212,126x7,0.026454800041392446
511,SNR_5db,ONMF,7,1,0.05,False,0.24517813849502929,7x212,126x7,0.024531299946829677
512,SNR_5db,ONMF,7,1,0.05,False,0.242436452529119,7x212,126x7,0.025210199877619743
513,SNR_5db,ONMF,7,1,0.05,False,0.24395768799920317,7x212,126x7,0.025245199911296368
514,SNR_5db,ONMF,7,1,0.05,False,0.24601257861169454,7x212,126x7,0.02545850002206862
515,SNR_5db,ONMF,7,1,0.05,False,0.24177546874559025,7x212,126x7,0.02561819995753467
516,SNR_5db,ONMF,7,1,0.05,False,0.2529049949645303,7x212,126x7,0.026467900024726987
517,SNR_5db,ONMF,7,1,0.05,False,0.24199733024918857,7x212,126x7,0.026075900066643953
518,SNR_5db,ONMF,7,1,0.05,False,0.25300818847245404,7x212,126x7,0.027111300034448504
519,SNR_5db,ONMF,7,1,0.05,False,0.23765198110382468,7x212,126x7,0.024382000090554357
520,SNR_5db,ONMF,7,1,0.05,False,0.25133102771670623,7x212,126x7,0.026899199932813644
521,SNR_5db,ONMF,7,1,0.05,False,0.24626726024406298,7x212,126x7,0.025363799883052707
522,SNR_5db,ONMF,7,1,0.05,False,0.2525926370072485,7x212,126x7,0.025372100062668324
523,SNR_5db,ONMF,7,1,0.05,False,0.25400373852784197,7x212,126x7,0.025982199935242534
524,SNR_5db,ONMF,7,1,0.05,False,0.24572175067006918,7x212,126x7,0.02940250001847744
525,SNR_5db,ONMF,7,1,0.05,False,0.2610166078055631,7x212,126x7,0.026468399912118912
526,SNR_5db,ONMF,7,1,0.05,False,0.2525945953098292,7x212,126x7,0.0248860998544842
527,SNR_5db,ONMF,7,1,0.05,False,0.2564527304142156,7x212,126x7,0.03067990019917488
528,SNR_5db,ONMF,7,1,0.05,False,0.24814684144098453,7x212,126x7,0.032208000076934695
529,SNR_5db,ONMF,7,1,0.05,False,0.2552346144332633,7x212,126x7,0.027969200164079666
530,SNR_5db,ONMF,7,1,0.05,False,0.24971273087742848,7x212,126x7,0.025204800069332123
531,SNR_5db,ONMF,7,1,0.05,False,0.24445031788719104,7x212,126x7,0.027645799797028303
532,SNR_5db,ONMF,7,1,0.05,False,0.2507233121792318,7x212,126x7,0.02648390014655888
533,SNR_5db,ONMF,7,1,0.05,False,0.2444860644150976,7x212,126x7,0.02700960007496178
534,SNR_5db,ONMF,7,1,0.05,False,0.2490390306461967,7x212,126x7,0.032395799877122045
535,SNR_5db,ONMF,7,1,0.05,False,0.248144475616602,7x212,126x7,0.026203199988231063
536,SNR_5db,ONMF,7,1,0.05,False,0.2544110512138909,7x212,126x7,0.027087599970400333
537,SNR_5db,ONMF,7,1,0.05,False,0.2443658615145253,7x212,126x7,0.02834330010227859
538,SNR_5db,ONMF,7,1,0.05,False,0.24776593092118443,7x212,126x7,0.02706320001743734
539,SNR_5db,ONMF,7,1,0.05,False,0.25222493879744334,7x212,126x7,0.02550300001166761
540,SNR_5db,ONMF,7,1,0.05,False,0.2487555948237606,7x212,126x7,0.027889000019058585
541,SNR_5db,ONMF,7,1,0.05,False,0.25055378198603195,7x212,126x7,0.02725709998048842
542,SNR_5db,ONMF,7,1,0.05,False,0.24474063137072935,7x212,126x7,0.02586559997871518
543,SNR_5db,ONMF,7,1,0.05,False,0.24755072502332043,7x212,126x7,0.029525799909606576
544,SNR_5db,ONMF,7,1,0.05,False,0.2525263183539365,7x212,126x7,0.02559030009433627
545,SNR_5db,ONMF,7,1,0.05,False,0.2483536629123441,7x212,126x7,0.0258434999268502
546,SNR_5db,ONMF,7,1,0.05,False,0.24825140211772184,7x212,126x7,0.025091600138694048
547,SNR_5db,ONMF,7,1,0.05,False,0.24957820554684915,7x212,126x7,0.024222400039434433
548,SNR_5db,ONMF,7,1,0.05,False,0.2530644976525545,7x212,126x7,0.023289700038731098
549,SNR_5db,ONMF,7,1,0.05,False,0.25385922406727823,7x212,126x7,0.02651320002041757
550,SNR_5db,ONMF,7,1,0.05,False,0.24816274275317501,7x212,126x7,0.033147400012239814
551,SNR_5db,ONMF,7,1,0.05,False,0.2429834558717042,7x212,126x7,0.024396299850195646
552,SNR_5db,ONMF,7,1,0.05,False,0.24531113243570307,7x212,126x7,0.025407199980691075
553,SNR_5db,ONMF,7,1,0.05,False,0.24542970584506713,7x212,126x7,0.023891099961474538
554,SNR_5db,ONMF,7,1,0.05,False,0.25342019964445,7x212,126x7,0.02495909994468093
555,SNR_5db,ONMF,7,1,0.05,False,0.25536295861612723,7x212,126x7,0.02413209993392229
556,SNR_5db,ONMF,7,1,0.05,False,0.25230434531931645,7x212,126x7,0.026699400041252375
557,SNR_5db,ONMF,7,1,0.05,False,0.24703755273049283,7x212,126x7,0.02564479992724955
558,SNR_5db,ONMF,7,1,0.05,False,0.2577447143984508,7x212,126x7,0.02682190015912056
559,SNR_5db,ONMF,7,1,0.05,False,0.24994574390531715,7x212,126x7,0.027531999861821532
560,SNR_5db,ONMF,7,1,0.05,False,0.253386159097564,7x212,126x7,0.02511360007338226
561,SNR_5db,ONMF,7,1,0.05,False,0.24441622559614237,7x212,126x7,0.029088800074532628
562,SNR_5db,ONMF,7,1,0.05,False,0.24642891381725066,7x212,126x7,0.031575199915096164
563,SNR_5db,ONMF,7,1,0.05,False,0.24216174547700553,7x212,126x7,0.02704639988951385
564,SNR_5db,ONMF,7,1,0.05,False,0.24718303599442046,7x212,126x7,0.026735200081020594
565,SNR_5db,ONMF,7,1,0.05,False,0.250063682582886,7x212,126x7,0.02591599989682436
566,SNR_5db,ONMF,7,1,0.05,False,0.24900884505958093,7x212,126x7,0.024339700117707253
567,SNR_5db,ONMF,7,1,0.05,False,0.2428913752806076,7x212,126x7,0.02611419977620244
568,SNR_5db,ONMF,7,1,0.05,False,0.25203554622352964,7x212,126x7,0.03175979992374778
569,SNR_5db,ONMF,7,1,0.05,False,0.25224363881189493,7x212,126x7,0.02677559992298484
570,SNR_5db,ONMF,7,1,0.05,False,0.24734850561068347,7x212,126x7,0.028307300060987473
571,SNR_5db,ONMF,7,1,0.05,False,0.24484726492701672,7x212,126x7,0.024663900025188923
572,SNR_5db,ONMF,7,1,0.05,False,0.2598215035512155,7x212,126x7,0.02609549998305738
573,SNR_5db,ONMF,7,1,0.05,False,0.2529932866644006,7x212,126x7,0.023350000148639083
574,SNR_5db,ONMF,7,1,0.05,False,0.24386256858280186,7x212,126x7,0.02603469998575747
575,SNR_5db,ONMF,7,1,0.05,False,0.24544386891924805,7x212,126x7,0.02437689993530512
576,SNR_5db,ONMF,7,1,0.05,False,0.25379148483729475,7x212,126x7,0.025096300058066845
577,SNR_5db,ONMF,7,1,0.05,False,0.24706643668781664,7x212,126x7,0.027266799937933683
578,SNR_5db,ONMF,7,1,0.05,False,0.2513299902980695,7x212,126x7,0.02422389993444085
579,SNR_5db,ONMF,7,1,0.05,False,0.2583416032859205,7x212,126x7,0.025174299953505397
580,SNR_5db,ONMF,7,1,0.05,False,0.26342876975898477,7x212,126x7,0.024932399857789278
581,SNR_5db,ONMF,7,1,0.05,False,0.24988549862235823,7x212,126x7,0.024084399919956923
582,SNR_5db,ONMF,7,1,0.05,False,0.24865264662840614,7x212,126x7,0.024277199991047382
583,SNR_5db,ONMF,7,1,0.05,False,0.24394694695211308,7x212,126x7,0.02507889992557466
584,SNR_5db,ONMF,7,1,0.05,False,0.24523885752778207,7x212,126x7,0.02526889997534454
585,SNR_5db,ONMF,7,1,0.05,False,0.2741021229155196,7x212,126x7,0.02444500010460615
586,SNR_5db,ONMF,7,1,0.05,False,0.27524864279253597,7x212,126x7,0.025016200030222535
587,SNR_5db,ONMF,7,1,0.05,False,0.2631320014761594,7x212,126x7,0.02347759995609522
588,SNR_5db,ONMF,7,1,0.05,False,0.27051828258139743,7x212,126x7,0.0248970000538975
589,SNR_5db,ONMF,7,1,0.05,False,0.2657770879572118,7x212,126x7,0.02288910001516342
590,SNR_5db,ONMF,7,1,0.05,False,0.27326789183471434,7x212,126x7,0.023732800036668777
591,SNR_5db,ONMF,7,1,0.05,False,0.26988470619226573,7x212,126x7,0.023974700132384896
592,SNR_5db,ONMF,7,1,0.05,False,0.2661942480305793,7x212,126x7,0.02491899998858571
593,SNR_5db,ONMF,7,1,0.05,False,0.23823165941049046,7x212,126x7,0.03140700003132224
594,SNR_5db,ONMF,7,1,0.05,False,0.24354184808071996,7x212,126x7,0.02606000006198883
595,SNR_5db,ONMF,7,1,0.05,False,0.24037290378116735,7x212,126x7,0.028854900039732456
596,SNR_5db,ONMF,7,1,0.05,False,0.2379452946243579,7x212,126x7,0.027145399944856763
597,SNR_5db,ONMF,7,1,0.05,False,0.23492890588293355,7x212,126x7,0.026635500136762857
598,SNR_5db,ONMF,7,1,0.05,False,0.2395074574161438,7x212,126x7,0.02534430008381605
599,SNR_5db,ONMF,7,1,0.05,False,0.22991137231844413,7x212,126x7,0.031567599857226014
600,SNR_5db,ONMF,7,1,0.05,False,0.23415227170414907,7x212,126x7,0.03261360013857484
601,SNR_5db,ONMF,7,1,0.05,False,0.2343709716676611,7x212,126x7,0.02942320005968213
602,SNR_5db,ONMF,7,1,0.05,False,0.23231192688707922,7x212,126x7,0.02651510015130043
603,SNR_5db,ONMF,7,1,0.05,False,0.2347471567093686,7x212,126x7,0.027591800084337592
604,SNR_5db,ONMF,7,1,0.05,False,0.23382335692421866,7x212,126x7,0.02946899994276464
605,SNR_5db,ONMF,7,1,0.05,False,0.22737563221232088,7x212,126x7,0.03038599994033575
606,SNR_5db,ONMF,7,1,0.05,False,0.23238146288965697,7x212,126x7,0.025646100053563714
607,SNR_5db,ONMF,7,1,0.05,False,0.23040647649369686,7x212,126x7,0.027441899990662932
608,SNR_5db,ONMF,7,1,0.05,False,0.2402375450882992,7x212,126x7,0.02845430001616478
609,SNR_5db,ONMF,7,1,0.05,False,0.24081051052989352,7x212,126x7,0.02603230020031333
610,SNR_5db,ONMF,7,1,0.05,False,0.23064022040187343,7x212,126x7,0.027189299929887056
611,SNR_5db,ONMF,7,1,0.05,False,0.23922866122577457,7x212,126x7,0.02889839978888631
612,SNR_5db,ONMF,7,1,0.05,False,0.2293750637832706,7x212,126x7,0.027136499993503094
613,SNR_5db,ONMF,7,1,0.05,False,0.2293348864482326,7x212,126x7,0.02982660010457039
614,SNR_5db,ONMF,7,1,0.05,False,0.22863520947402374,7x212,126x7,0.02950380020774901
615,SNR_5db,ONMF,7,1,0.05,False,0.17927916164397695,7x212,126x7,0.03273790003731847
616,SNR_5db,ONMF,7,1,0.05,False,0.23080126797581868,7x212,126x7,0.029447500128298998
617,SNR_5db,ONMF,7,1,0.05,False,0.22591196258618731,7x212,126x7,0.027098699938505888
618,SNR_5db,ONMF,7,1,0.05,False,0.2279310024306226,7x212,126x7,0.02591820014640689
619,SNR_5db,ONMF,7,1,0.05,False,0.22798008267805542,7x212,126x7,0.024081300012767315
620,SNR_5db,ONMF,7,1,0.05,False,0.23851770632957944,7x212,126x7,0.02599039999768138
621,SNR_5db,ONMF,7,1,0.05,False,0.2366861915702911,7x212,126x7,0.025953100062906742
622,SNR_5db,ONMF,7,1,0.05,False,0.2395987018717994,7x212,126x7,0.02706569992005825
623,SNR_5db,ONMF,7,1,0.05,False,0.24124689377928976,7x212,126x7,0.02537699998356402
624,SNR_5db,ONMF,7,1,0.05,False,0.23802886108452986,7x212,126x7,0.024627999868243933
625,SNR_5db,ONMF,7,1,0.05,False,0.23519439225806588,7x212,126x7,0.026417899876832962
626,SNR_5db,ONMF,7,1,0.05,False,0.23748452967820835,7x212,126x7,0.029400800121948123
627,SNR_5db,ONMF,7,1,0.05,False,0.23585209410183502,7x212,126x7,0.02977270004339516
628,SNR_5db,ONMF,7,1,0.05,False,0.24208044573586876,7x212,126x7,0.02768349996767938
629,SNR_5db,ONMF,7,1,0.05,False,0.23024982188531462,7x212,126x7,0.03139650006778538
630,SNR_5db,ONMF,7,1,0.05,False,0.23806194101218095,7x212,126x7,0.03104100003838539
631,SNR_5db,ONMF,7,1,0.05,False,0.2415792221928171,7x212,126x7,0.02545990003272891
632,SNR_5db,ONMF,7,1,0.05,False,0.2330725164149301,7x212,126x7,0.03054360020905733
633,SNR_5db,ONMF,7,1,0.05,False,0.24332499286972312,7x212,126x7,0.026185700204223394
634,SNR_5db,ONMF,7,1,0.05,False,0.23845609273540047,7x212,126x7,0.0265085999853909
635,SNR_5db,ONMF,7,1,0.05,False,0.2382824065429836,7x212,126x7,0.02424800000153482
636,SNR_5db,ONMF,7,1,0.05,False,0.23525317989828945,7x212,126x7,0.0254186000674963
637,SNR_5db,ONMF,7,1,0.05,False,0.24267792674581093,7x212,126x7,0.024406699929386377
638,SNR_5db,ONMF,7,1,0.05,False,0.2365257802744756,7x212,126x7,0.026472199941053987
639,SNR_5db,ONMF,7,1,0.05,False,0.23689620700780725,7x212,126x7,0.024813800118863583
640,SNR_5db,ONMF,7,1,0.05,False,0.23388677747920117,7x212,126x7,0.024346600053831935
641,SNR_5db,ONMF,7,1,0.05,False,0.2414442680606161,7x212,126x7,0.025472800014540553
642,SNR_5db,ONMF,7,1,0.05,False,0.239981674031617,7x212,126x7,0.02522880001924932
643,SNR_5db,ONMF,7,1,0.05,False,0.24030278022448454,7x212,126x7,0.02447180007584393
644,SNR_5db,ONMF,7,1,0.05,False,0.2328704687537511,7x212,126x7,0.024607199942693114
645,SNR_5db,ONMF,7,1,0.05,False,0.23312879885237014,7x212,126x7,0.024710000026971102
646,SNR_5db,ONMF,7,1,0.05,False,0.236923784912501,7x212,126x7,0.02397789992392063
647,SNR_5db,ONMF,7,1,0.05,False,0.23311720984871317,7x212,126x7,0.02403149986639619
648,SNR_5db,ONMF,7,1,0.05,False,0.22952044543873296,7x212,126x7,0.025131199974566698
649,SNR_5db,ONMF,7,1,0.05,False,0.2265880171435382,7x212,126x7,0.024156400002539158
650,SNR_5db,ONMF,7,1,0.05,False,0.22677214288753533,7x212,126x7,0.02505409996956587
651,SNR_5db,ONMF,7,1,0.05,False,0.2244354032679487,7x212,126x7,0.024358800146728754
652,SNR_5db,ONMF,7,1,0.05,False,0.24706154775784459,7x212,126x7,0.02570610004477203
653,SNR_5db,ONMF,7,1,0.05,False,0.24630314694883867,7x212,126x7,0.023245600052177906
654,SNR_5db,ONMF,7,1,0.05,False,0.2396567347512152,7x212,126x7,0.025245599914342165
655,SNR_5db,ONMF,7,1,0.05,False,0.24395746241513033,7x212,126x7,0.024077799869701266
656,SNR_5db,ONMF,7,1,0.05,False,0.2484618899502092,7x212,126x7,0.025486099999397993
657,SNR_5db,ONMF,7,1,0.05,False,0.24985631834382507,7x212,126x7,0.026443500071763992
658,SNR_5db,ONMF,7,1,0.05,False,0.23766488481315737,7x212,126x7,0.027063700137659907
659,SNR_5db,ONMF,7,1,0.05,False,0.24220303849946828,7x212,126x7,0.07301459996961057
660,SNR_5db,ONMF,7,1,0.05,False,0.2351680640764644,7x212,126x7,0.03995490004308522
661,SNR_5db,ONMF,7,1,0.05,False,0.24360225384906758,7x212,126x7,0.027306800009682775
662,SNR_5db,ONMF,7,1,0.05,False,0.2437661932117266,7x212,126x7,0.02635810011997819
663,SNR_5db,ONMF,7,1,0.05,False,0.24768520663444965,7x212,126x7,0.025694499956443906
664,SNR_5db,ONMF,7,1,0.05,False,0.24326326871634463,7x212,126x7,0.026117099914699793
665,SNR_5db,ONMF,7,1,0.05,False,0.23995192240725988,7x212,126x7,0.024763799970969558
666,SNR_5db,ONMF,7,1,0.05,False,0.2374211110332333,7x212,126x7,0.024129399796947837
667,SNR_5db,ONMF,7,1,0.05,False,0.24065682806244518,7x212,126x7,0.02486709994263947
668,SNR_5db,ONMF,7,1,0.05,False,0.24098334364050936,7x212,126x7,0.025797800160944462
669,SNR_5db,ONMF,7,1,0.05,False,0.2395334659166831,7x212,126x7,0.02599960006773472
670,SNR_5db,ONMF,7,1,0.05,False,0.2318036585448153,7x212,126x7,0.026588400127366185
671,SNR_5db,ONMF,7,1,0.05,False,0.23563773461845056,7x212,126x7,0.028804700123146176
672,SNR_5db,ONMF,7,1,0.05,False,0.23365035536399775,7x212,126x7,0.025444000028073788
673,SNR_5db,ONMF,7,1,0.05,False,0.23553558932479993,7x212,126x7,0.037030099891126156
674,SNR_5db,ONMF,7,1,0.05,False,0.22626156721067256,7x212,126x7,0.029579399852082133
675,SNR_5db,ONMF,7,1,0.05,False,0.2370465689331293,7x212,126x7,0.02816680003888905
676,SNR_5db,ONMF,7,1,0.05,False,0.24115137893771116,7x212,126x7,0.025105099892243743
677,SNR_5db,ONMF,7,1,0.05,False,0.24200128058850612,7x212,126x7,0.027339200023561716
678,SNR_5db,ONMF,7,1,0.05,False,0.23683671371846063,7x212,126x7,0.024484199937433004
679,SNR_5db,ONMF,7,1,0.05,False,0.23588778556934148,7x212,126x7,0.025325100170448422
680,SNR_5db,ONMF,7,1,0.05,False,0.24370715182642422,7x212,126x7,0.025013299891725183
681,SNR_5db,ONMF,7,1,0.05,False,0.23715168608270007,7x212,126x7,0.025173999834805727
682,SNR_5db,ONMF,7,1,0.05,False,0.2413994319027142,7x212,126x7,0.026934299850836396
683,SNR_5db,ONMF,7,1,0.05,False,0.2343746717349922,7x212,126x7,0.024731499841436744
684,SNR_5db,ONMF,7,1,0.05,False,0.23257757865213416,7x212,126x7,0.02502460009418428
685,SNR_5db,ONMF,7,1,0.05,False,0.2405798010872295,7x212,126x7,0.025070299860090017
686,SNR_5db,ONMF,7,1,0.05,False,0.2296843621125559,7x212,126x7,0.02509699994698167
687,SNR_5db,ONMF,7,1,0.05,False,0.2225376492570326,7x212,126x7,0.02529410016722977
688,SNR_5db,ONMF,7,1,0.05,False,0.17739332520660675,7x212,126x7,0.02545570000074804
689,SNR_5db,ONMF,7,1,0.05,False,0.2387027904419565,7x212,126x7,0.024813400115817785
690,SNR_5db,ONMF,7,1,0.05,False,0.22519562184178335,7x212,126x7,0.0246671000495553
691,SNR_5db,ONMF,7,1,0.05,False,0.25459064619549676,7x212,126x7,0.024490900104865432
692,SNR_5db,ONMF,7,1,0.05,False,0.22900657458036763,7x212,126x7,0.024688799865543842
693,SNR_5db,ONMF,7,1,0.05,False,0.237326862500251,7x212,126x7,0.0244185000192374
694,SNR_5db,ONMF,7,1,0.05,False,0.24504862873982552,7x212,126x7,0.025192199973389506
695,SNR_5db,ONMF,7,1,0.05,False,0.23847955326626769,7x212,126x7,0.024260299978777766
696,SNR_5db,ONMF,7,1,0.05,False,0.23907880813261229,7x212,126x7,0.024179999949410558
697,SNR_5db,ONMF,7,1,0.05,False,0.2393157749421431,7x212,126x7,0.023803099989891052
698,SNR_5db,ONMF,7,1,0.05,False,0.23398857196394823,7x212,126x7,0.02457850007340312
699,SNR_5db,ONMF,7,1,0.05,False,0.23339267298747898,7x212,126x7,0.023777600144967437
700,SNR_5db,ONMF,7,1,0.05,False,0.25029215634862245,7x212,126x7,0.023458300158381462
701,SNR_5db,ONMF,7,1,0.05,False,0.23635669647090377,7x212,126x7,0.02581260004080832
702,SNR_5db,ONMF,7,1,0.05,False,0.237853484269089,7x212,126x7,0.025245499797165394
703,SNR_5db,ONMF,7,1,0.05,False,0.23318811774195933,7x212,126x7,0.02607889985665679
704,SNR_5db,ONMF,7,1,0.05,False,0.23089790867823093,7x212,126x7,0.02885290002450347
705,SNR_5db,ONMF,7,1,0.05,False,0.24315280274901857,7x212,126x7,0.02570399991236627
706,SNR_5db,ONMF,7,1,0.05,False,0.24031409487396646,7x212,126x7,0.029668499948456883
707,SNR_5db,ONMF,7,1,0.05,False,0.2248937741336094,7x212,126x7,0.03216539998538792
708,SNR_5db,ONMF,7,1,0.05,False,0.235870632579752,7x212,126x7,0.02846190007403493
709,SNR_5db,ONMF,7,1,0.05,False,0.23276829373759733,7x212,126x7,0.029611200094223022
710,SNR_5db,ONMF,7,1,0.05,False,0.2340236340504561,7x212,126x7,0.02551009994931519
711,SNR_5db,ONMF,7,1,0.05,False,0.22880301970532527,7x212,126x7,0.029804900055751204
712,SNR_5db,ONMF,7,1,0.05,False,0.23124799214056393,7x212,126x7,0.02470229985192418
713,SNR_5db,ONMF,7,1,0.05,False,0.23273654096212082,7x212,126x7,0.028535799821838737
714,SNR_5db,ONMF,7,1,0.05,False,0.24627334137071857,7x212,126x7,0.03176869987510145
715,SNR_5db,ONMF,7,1,0.05,False,0.23708355281036897,7x212,126x7,0.029149800073355436
716,SNR_5db,ONMF,7,1,0.05,False,0.23316333308488588,7x212,126x7,0.03443600004538894
717,SNR_5db,ONMF,7,1,0.05,False,0.17793894884350459,7x212,126x7,0.03120089997537434
718,SNR_5db,ONMF,7,1,0.05,False,0.23277584427511094,7x212,126x7,0.026065600104629993
719,SNR_5db,ONMF,7,1,0.05,False,0.23674202698050334,7x212,126x7,0.02653430006466806
720,SNR_5db,ONMF,7,1,0.05,False,0.23131798559909036,7x212,126x7,0.02536790003068745
721,SNR_5db,ONMF,7,1,0.05,False,0.23279358089990942,7x212,126x7,0.029469999950379133
722,SNR_5db,ONMF,7,1,0.05,False,0.2334764160909173,7x212,126x7,0.025726599851623178
723,SNR_5db,ONMF,7,1,0.05,False,0.23320751827210787,7x212,126x7,0.025582399917766452
724,SNR_5db,ONMF,7,1,0.05,False,0.18774960331003832,7x212,126x7,0.02670170017518103
725,SNR_5db,ONMF,7,1,0.05,False,0.2293418641359553,7x212,126x7,0.030512399971485138
726,SNR_5db,ONMF,7,1,0.05,False,0.188321004019516,7x212,126x7,0.026457100175321102
727,SNR_5db,ONMF,7,1,0.05,False,0.23052230068967142,7x212,126x7,0.029316200176253915
728,SNR_5db,ONMF,7,1,0.05,False,0.243148835584154,7x212,126x7,0.02555950009264052
729,SNR_5db,ONMF,7,1,0.05,False,0.2405236201832329,7x212,126x7,0.028833999997004867
730,SNR_5db,ONMF,7,1,0.05,False,0.2418765362109233,7x212,126x7,0.028156699845567346
731,SNR_5db,ONMF,7,1,0.05,False,0.2408549911353298,7x212,126x7,0.02569249994121492
732,SNR_5db,ONMF,7,1,0.05,False,0.23769260387085467,7x212,126x7,0.02823649998754263
733,SNR_5db,ONMF,7,1,0.05,False,0.18888005318590717,7x212,126x7,0.027028199983760715
734,SNR_5db,ONMF,7,1,0.05,False,0.2328457483514535,7x212,126x7,0.025473900139331818
735,SNR_5db,ONMF,7,1,0.05,False,0.2394308654843012,7x212,126x7,0.026092999847605824
736,SNR_5db,ONMF,7,1,0.05,False,0.2373010899537258,7x212,126x7,0.025287199998274446
737,SNR_5db,ONMF,7,1,0.05,False,0.24366639354302685,7x212,126x7,0.025243300013244152
738,SNR_5db,ONMF,7,1,0.05,False,0.2311383016776637,7x212,126x7,0.025658699916675687
739,SNR_5db,ONMF,7,1,0.05,False,0.23994663759122453,7x212,126x7,0.02587889996357262
740,SNR_5db,ONMF,7,1,0.05,False,0.23301920448766067,7x212,126x7,0.0245664999820292
741,SNR_5db,ONMF,7,1,0.05,False,0.2528864749771121,7x212,126x7,0.02495800005272031
742,SNR_5db,ONMF,7,1,0.05,False,0.24606928280206752,7x212,126x7,0.025989399990066886
743,SNR_5db,ONMF,7,1,0.05,False,0.24339367775806867,7x212,126x7,0.025524399941787124
744,SNR_5db,ONMF,7,1,0.05,False,0.2416165015659822,7x212,126x7,0.02598269982263446
745,SNR_5db,ONMF,7,1,0.05,False,0.2474327889621915,7x212,126x7,0.024506499990820885
746,SNR_5db,ONMF,7,1,0.05,False,0.1857947232212206,7x212,126x7,0.025437100091949105
747,SNR_5db,ONMF,7,1,0.05,False,0.24469434805391121,7x212,126x7,0.02625829982571304
748,SNR_5db,ONMF,7,1,0.05,False,0.18061267504669126,7x212,126x7,0.02701560012064874
749,SNR_5db,ONMF,7,1,0.05,False,0.23928818322244444,7x212,126x7,0.025957199977710843
750,SNR_5db,ONMF,7,1,0.05,False,0.23478282936083303,7x212,126x7,0.026503799948841333
751,SNR_5db,ONMF,7,1,0.05,False,0.24413453721220182,7x212,126x7,0.02715620002709329
752,SNR_5db,ONMF,7,1,0.05,False,0.18929285190554482,7x212,126x7,0.028410900151357055
753,SNR_5db,ONMF,7,1,0.05,False,0.24067449655898013,7x212,126x7,0.029079699888825417
754,SNR_5db,ONMF,7,1,0.05,False,0.18467781237689546,7x212,126x7,0.028322000056505203
755,SNR_5db,ONMF,7,1,0.05,False,0.25055777101086124,7x212,126x7,0.02315320004709065
756,SNR_5db,ONMF,7,1,0.05,False,0.18273631375162333,7x212,126x7,0.0320635000243783
757,SNR_5db,ONMF,7,1,0.05,False,0.24064692932434473,7x212,126x7,0.027468199841678143
758,SNR_5db,ONMF,7,1,0.05,False,0.1862426719139409,7x212,126x7,0.025921399937942624
759,SNR_5db,ONMF,7,1,0.05,False,0.24046107797222496,7x212,126x7,0.02593720005825162
760,SNR_5db,ONMF,7,1,0.05,False,0.2391993481367847,7x212,126x7,0.023435499984771013
761,SNR_5db,ONMF,7,1,0.05,False,0.2472098213411741,7x212,126x7,0.02593130012974143
762,SNR_5db,ONMF,7,1,0.05,False,0.17945124561519302,7x212,126x7,0.025272199884057045
763,SNR_5db,ONMF,7,1,0.05,False,0.24040278889363376,7x212,126x7,0.026123299961909652
764,SNR_5db,ONMF,7,1,0.05,False,0.25345308446457915,7x212,126x7,0.025827999925240874
765,SNR_5db,ONMF,7,1,0.05,False,0.23876205562897448,7x212,126x7,0.024278100114315748
766,SNR_5db,ONMF,7,1,0.05,False,0.2456746335183973,7x212,126x7,0.02406799979507923
767,SNR_5db,ONMF,7,1,0.05,False,0.24498687507398817,7x212,126x7,0.025520100025460124
768,SNR_5db,ONMF,7,1,0.05,False,0.24947652704076156,7x212,126x7,0.024450999917462468
769,SNR_5db,ONMF,7,1,0.05,False,0.2594148911059328,7x212,126x7,0.02585809980519116
770,SNR_5db,ONMF,7,1,0.05,False,0.25123182298024455,7x212,126x7,0.02431480004452169
771,SNR_5db,ONMF,7,1,0.05,False,0.23687882921963385,7x212,126x7,0.025075800018385053
772,SNR_5db,ONMF,7,1,0.05,False,0.24581001771631897,7x212,126x7,0.02487289998680353
773,SNR_5db,ONMF,7,1,0.05,False,0.23922600029755975,7x212,126x7,0.025133199989795685
774,SNR_5db,ONMF,7,1,0.05,False,0.24089566585685449,7x212,126x7,0.023720900062471628
775,SNR_5db,ONMF,7,1,0.05,False,0.24368203079506917,7x212,126x7,0.024885799968615174
776,SNR_5db,ONMF,7,1,0.05,False,0.2483053618090052,7x212,126x7,0.024831000017002225
777,SNR_5db,ONMF,7,1,0.05,False,0.2384185888134958,7x212,126x7,0.025382099905982614
778,SNR_5db,ONMF,7,1,0.05,False,0.23850578137726725,7x212,126x7,0.02427269984036684
779,SNR_5db,ONMF,7,1,0.05,False,0.23122071690991838,7x212,126x7,0.024987799813970923
780,SNR_5db,ONMF,7,1,0.05,False,0.2426598635549719,7x212,126x7,0.024803300155326724
781,SNR_5db,ONMF,7,1,0.05,False,0.24047692690300587,7x212,126x7,0.025418500183150172
782,SNR_5db,ONMF,7,1,0.05,False,0.23893505726830044,7x212,126x7,0.024085700046271086
783,SNR_5db,ONMF,7,1,0.05,False,0.2345979238012971,7x212,126x7,0.026049799984320998
784,SNR_5db,ONMF,7,1,0.05,False,0.23882468557074588,7x212,126x7,0.02496209996752441
785,SNR_5db,ONMF,7,1,0.05,False,0.23485733021705665,7x212,126x7,0.0323554000351578
786,SNR_5db,ONMF,7,1,0.05,False,0.23229771921034387,7x212,126x7,0.028015899937599897
787,SNR_5db,ONMF,7,1,0.05,False,0.23370658543723155,7x212,126x7,0.028459800174459815
788,SNR_5db,ONMF,7,1,0.05,False,0.23358279300519857,7x212,126x7,0.02874449989758432
789,SNR_5db,ONMF,7,1,0.05,False,0.2410007537986753,7x212,126x7,0.02641949988901615
790,SNR_5db,ONMF,7,1,0.05,False,0.2401523158295141,7x212,126x7,0.02472159988246858
791,SNR_5db,ONMF,7,1,0.05,False,0.23712086509305202,7x212,126x7,0.025146499974653125
792,SNR_5db,ONMF,7,1,0.05,False,0.24505894465756012,7x212,126x7,0.026985700009390712
793,SNR_5db,ONMF,7,1,0.05,False,0.23953256206564832,7x212,126x7,0.025902100140228868
794,SNR_5db,ONMF,7,1,0.05,False,0.2402120931642472,7x212,126x7,0.0291637999471277
795,SNR_5db,ONMF,7,1,0.05,False,0.23261220623793089,7x212,126x7,0.024397699860855937
796,SNR_5db,ONMF,7,1,0.05,False,0.24359488410418723,7x212,126x7,0.025011599995195866
797,SNR_5db,ONMF,7,1,0.05,False,0.2329917238089526,7x212,126x7,0.024025500053539872
798,SNR_5db,ONMF,7,1,0.05,False,0.23409895962988397,7x212,126x7,0.025619500083848834
799,SNR_5db,ONMF,7,1,0.05,False,0.23653227628035,7x212,126x7,0.028991999803110957
800,SNR_5db,ONMF,7,1,0.05,False,0.24044222131538576,7x212,126x7,0.030617799842730165
801,SNR_5db,ONMF,7,1,0.05,False,0.1658996789848833,7x212,126x7,0.027484700083732605
802,SNR_5db,ONMF,7,1,0.05,False,0.23690087242633603,7x212,126x7,0.02900830004364252
803,SNR_5db,ONMF,7,1,0.05,False,0.21770828111772406,7x212,126x7,0.027040700195357203
804,SNR_5db,ONMF,7,1,0.05,False,0.21774829919972485,7x212,126x7,0.029943899950012565
805,SNR_5db,ONMF,7,1,0.05,False,0.21528745580137246,7x212,126x7,0.02907960000447929
806,SNR_5db,ONMF,7,1,0.05,False,0.21704383189350732,7x212,126x7,0.02568039996549487
807,SNR_5db,ONMF,7,1,0.05,False,0.21674422177569133,7x212,126x7,0.026550599839538336
808,SNR_5db,ONMF,7,1,0.05,False,0.21642936094311505,7x212,126x7,0.02664339984767139
809,SNR_5db,ONMF,7,1,0.05,False,0.2172404566014839,7x212,126x7,0.02501250011846423
810,SNR_5db,ONMF,7,1,0.05,False,0.21499774824294907,7x212,126x7,0.024675099877640605
811,SNR_5db,ONMF,7,1,0.05,False,0.21678663443011897,7x212,126x7,0.024066300131380558
812,SNR_5db,ONMF,7,1,0.05,False,0.21899453905838717,7x212,126x7,0.024254400050267577
813,SNR_5db,ONMF,7,1,0.05,False,0.21450413849806543,7x212,126x7,0.02609569998458028
814,SNR_5db,ONMF,7,1,0.05,False,0.21300715150036564,7x212,126x7,0.02611289988271892
815,SNR_5db,ONMF,7,1,0.05,False,0.217592724745657,7x212,126x7,0.025038599967956543
816,SNR_5db,ONMF,7,1,0.05,False,0.21442006112690631,7x212,126x7,0.02554429997690022
817,SNR_5db,ONMF,7,1,0.05,False,0.21596718531124273,7x212,126x7,0.02476800000295043
818,SNR_5db,ONMF,7,1,0.05,False,0.21471282252515309,7x212,126x7,0.026805999921634793
819,SNR_5db,ONMF,7,1,0.05,False,0.21561332210810433,7x212,126x7,0.02419640007428825
820,SNR_5db,ONMF,7,1,0.05,False,0.2211993267572614,7x212,126x7,0.027332500088959932
821,SNR_5db,ONMF,7,1,0.05,False,0.21731216492673863,7x212,126x7,0.02839179988950491
822,SNR_5db,ONMF,7,1,0.05,False,0.21482963199910482,7x212,126x7,0.024241100065410137
823,SNR_5db,ONMF,7,1,0.05,False,0.21908176220808906,7x212,126x7,0.024243799969553947
824,SNR_5db,ONMF,7,1,0.05,False,0.21453404743435245,7x212,126x7,0.02468809997662902
825,SNR_5db,ONMF,7,1,0.05,False,0.21733860386253773,7x212,126x7,0.02688489994034171
826,SNR_5db,ONMF,7,1,0.05,False,0.21288060722088212,7x212,126x7,0.028158799977973104
827,SNR_5db,ONMF,7,1,0.05,False,0.21756947908052407,7x212,126x7,0.02727650012820959
828,SNR_5db,ONMF,7,1,0.05,False,0.21549201147545174,7x212,126x7,0.027773099951446056
829,SNR_5db,ONMF,7,1,0.05,False,0.21932131763571364,7x212,126x7,0.025814499938860536
830,SNR_5db,ONMF,7,1,0.05,False,0.2194248236318053,7x212,126x7,0.027600300032645464
831,SNR_5db,ONMF,7,1,0.05,False,0.21814454396104194,7x212,126x7,0.0321883000433445
832,SNR_5db,ONMF,7,1,0.05,False,0.21668940077811866,7x212,126x7,0.02667530020698905
833,SNR_5db,ONMF,7,1,0.05,False,0.21707949607227908,7x212,126x7,0.02824690006673336
834,SNR_5db,ONMF,7,1,0.05,False,0.21833304497814107,7x212,126x7,0.024164000060409307
835,SNR_5db,ONMF,7,1,0.05,False,0.2178864915585418,7x212,126x7,0.02875189995393157
836,SNR_5db,ONMF,7,1,0.05,False,0.21638617251206313,7x212,126x7,0.026358300121501088
837,SNR_5db,ONMF,7,1,0.05,False,0.21349343408695154,7x212,126x7,0.02528189984150231
838,SNR_5db,ONMF,7,1,0.05,False,0.21766746865455894,7x212,126x7,0.028635900001972914
839,SNR_5db,ONMF,7,1,0.05,False,0.2165758155702608,7x212,126x7,0.02534470008686185
840,SNR_5db,ONMF,7,1,0.05,False,0.22211429950547737,7x212,126x7,0.024783199885860085
841,SNR_5db,ONMF,7,1,0.05,False,0.2189631082388966,7x212,126x7,0.027078399900346994
842,SNR_5db,ONMF,7,1,0.05,False,0.21874526478495132,7x212,126x7,0.026520899962633848
843,SNR_5db,ONMF,7,1,0.05,False,0.21899468832674213,7x212,126x7,0.028836200013756752
844,SNR_5db,ONMF,7,1,0.05,False,0.21803232804867748,7x212,126x7,0.0249870999250561
845,SNR_5db,ONMF,7,1,0.05,False,0.21724272640486714,7x212,126x7,0.025528799975290895
846,SNR_5db,ONMF,7,1,0.05,False,0.21937365039168816,7x212,126x7,0.025791299995034933
847,SNR_5db,ONMF,7,1,0.05,False,0.21562193102960783,7x212,126x7,0.026945499936118722
848,SNR_5db,ONMF,7,1,0.05,False,0.2177906841292057,7x212,126x7,0.030360800214111805
849,SNR_5db,ONMF,7,1,0.05,False,0.21819683716075589,7x212,126x7,0.026986599899828434
850,SNR_5db,ONMF,7,1,0.05,False,0.21919952004811816,7x212,126x7,0.022911200067028403
851,SNR_5db,ONMF,7,1,0.05,False,0.21600540427335263,7x212,126x7,0.024820500053465366
852,SNR_5db,ONMF,7,1,0.05,False,0.21564229694289644,7x212,126x7,0.02338150003924966
853,SNR_5db,ONMF,7,1,0.05,False,0.2194142527172118,7x212,126x7,0.02439729985781014
854,SNR_5db,ONMF,7,1,0.05,False,0.2171441922162565,7x212,126x7,0.024026700062677264
855,SNR_5db,ONMF,7,1,0.05,False,0.21788519516500793,7x212,126x7,0.024030999979004264
856,SNR_5db,ONMF,7,1,0.05,False,0.21517371293415125,7x212,126x7,0.024669599952176213
857,SNR_5db,ONMF,7,1,0.05,False,0.21236239311821364,7x212,126x7,0.023367299931123853
858,SNR_5db,ONMF,7,1,0.05,False,0.21837725246288212,7x212,126x7,0.02509390003979206
859,SNR_5db,ONMF,7,1,0.05,False,0.21965559357877507,7x212,126x7,0.024587600026279688
860,SNR_5db,ONMF,7,1,0.05,False,0.21651160764547478,7x212,126x7,0.02545990003272891
861,SNR_5db,ONMF,7,1,0.05,False,0.21648422731668754,7x212,126x7,0.024784599896520376
862,SNR_5db,ONMF,7,1,0.05,False,0.21791226483729054,7x212,126x7,0.026316999923437834
863,SNR_5db,ONMF,7,1,0.05,False,0.213050443114585,7x212,126x7,0.029112299904227257
864,SNR_5db,ONMF,7,1,0.05,False,0.21392064937141236,7x212,126x7,0.027061699889600277
865,SNR_5db,ONMF,7,1,0.05,False,0.21404520212454572,7x212,126x7,0.02741079987026751
866,SNR_5db,ONMF,7,1,0.05,False,0.21206248246396994,7x212,126x7,0.02763650007545948
867,SNR_5db,ONMF,7,1,0.05,False,0.21273359304055534,7x212,126x7,0.02691480005159974
868,SNR_5db,ONMF,7,1,0.05,False,0.21084480519018983,7x212,126x7,0.026894599897786975
869,SNR_5db,ONMF,7,1,0.05,False,0.21230599815851087,7x212,126x7,0.025985199958086014
870,SNR_5db,ONMF,7,1,0.05,False,0.21125131438020892,7x212,126x7,0.024974700063467026
871,SNR_5db,ONMF,7,1,0.05,False,0.21533616351611157,7x212,126x7,0.025246200151741505
872,SNR_5db,ONMF,7,1,0.05,False,0.2138390549297633,7x212,126x7,0.02656939998269081
873,SNR_5db,ONMF,7,1,0.05,False,0.2103990269452726,7x212,126x7,0.03177880006842315
874,SNR_5db,ONMF,7,1,0.05,False,0.21257738899270523,7x212,126x7,0.02442910009995103
875,SNR_5db,ONMF,7,1,0.05,False,0.21061185217469916,7x212,126x7,0.02535200002603233
876,SNR_5db,ONMF,7,1,0.05,False,0.2146184422154621,7x212,126x7,0.02341659995727241
877,SNR_5db,ONMF,7,1,0.05,False,0.2128840843185964,7x212,126x7,0.023551300168037415
878,SNR_5db,ONMF,7,1,0.05,False,0.21314133740399685,7x212,126x7,0.024991299957036972
879,SNR_5db,ONMF,7,1,0.05,False,0.21501359932668562,7x212,126x7,0.02407469996251166
880,SNR_5db,ONMF,7,1,0.05,False,0.2138488245604784,7x212,126x7,0.024440400069579482
881,SNR_5db,ONMF,7,1,0.05,False,0.21310873863801177,7x212,126x7,0.02297349995933473
882,SNR_5db,ONMF,7,1,0.05,False,0.21712330889313794,7x212,126x7,0.024596499977633357
883,SNR_5db,ONMF,7,1,0.05,False,0.21333380742125352,7x212,126x7,0.024947900092229247
884,SNR_5db,ONMF,7,1,0.05,False,0.21609361329221333,7x212,126x7,0.02786190016195178
885,SNR_5db,ONMF,7,1,0.05,False,0.21355859766022353,7x212,126x7,0.025192700093612075
886,SNR_5db,ONMF,7,1,0.05,False,0.21111539344543429,7x212,126x7,0.028071200009435415
887,SNR_5db,ONMF,7,1,0.05,False,0.21356553148345983,7x212,126x7,0.03059319988824427
888,SNR_5db,ONMF,7,1,0.05,False,0.21308491948138159,7x212,126x7,0.02741839992813766
889,SNR_5db,ONMF,7,1,0.05,False,0.21198657228904533,7x212,126x7,0.0284167998470366
890,SNR_5db,ONMF,7,1,0.05,False,0.20981692239714833,7x212,126x7,0.03194579994305968
891,SNR_5db,ONMF,7,1,0.05,False,0.2101440881967552,7x212,126x7,0.035449600080028176
892,SNR_5db,ONMF,7,1,0.05,False,0.21261262296940223,7x212,126x7,0.02782859979197383
893,SNR_5db,ONMF,7,1,0.05,False,0.21385521889743037,7x212,126x7,0.025182300014421344
894,SNR_5db,ONMF,7,1,0.05,False,0.21504653982665145,7x212,126x7,0.02663480001501739
895,SNR_5db,ONMF,7,1,0.05,False,0.21276538858752939,7x212,126x7,0.0275243001524359
896,SNR_5db,ONMF,7,1,0.05,False,0.21282067467635193,7x212,126x7,0.025208199862390757
897,SNR_5db,ONMF,7,1,0.05,False,0.24149455196748162,7x212,126x7,0.0248155000153929
898,SNR_5db,ONMF,7,1,0.05,False,0.23141966512662368,7x212,126x7,0.026546800043433905
899,SNR_5db,ONMF,7,1,0.05,False,0.2366001661676206,7x212,126x7,0.026015300070866942
900,SNR_5db,ONMF,7,1,0.05,False,0.23641782238221803,7x212,126x7,0.025447500171139836
901,SNR_5db,ONMF,7,1,0.05,False,0.24134403577481223,7x212,126x7,0.026257999939844012
902,SNR_5db,ONMF,7,1,0.05,False,0.24338236831537802,7x212,126x7,0.025709700072184205
903,SNR_5db,ONMF,7,1,0.05,False,0.23447129367128344,7x212,126x7,0.02674500015564263
904,SNR_5db,ONMF,7,1,0.05,False,0.23929411716447824,7x212,126x7,0.027325900038704276
905,SNR_5db,ONMF,7,1,0.05,False,0.24361417201146782,7x212,126x7,0.035351699916645885
906,SNR_5db,ONMF,7,1,0.05,False,0.248632096581224,7x212,126x7,0.02502679987810552
907,SNR_5db,ONMF,7,1,0.05,False,0.24817317546577927,7x212,126x7,0.025410400005057454
908,SNR_5db,ONMF,7,1,0.05,False,0.26535032898506544,7x212,126x7,0.024949300102889538
909,SNR_5db,ONMF,7,1,0.05,False,0.2523715741622725,7x212,126x7,0.02592349983751774
910,SNR_5db,ONMF,7,1,0.05,False,0.23968572295396057,7x212,126x7,0.02432970004156232
911,SNR_5db,ONMF,7,1,0.05,False,0.25668251507514733,7x212,126x7,0.025038700085133314
912,SNR_5db,ONMF,7,1,0.05,False,0.2424442512398383,7x212,126x7,0.025322900153696537
913,SNR_5db,ONMF,7,1,0.05,False,0.23764177110798398,7x212,126x7,0.02482699998654425
914,SNR_5db,ONMF,7,1,0.05,False,0.25497752352690406,7x212,126x7,0.02463159989565611
915,SNR_5db,ONMF,7,1,0.05,False,0.2370886789365072,7x212,126x7,0.025510799838230014
916,SNR_5db,ONMF,7,1,0.05,False,0.24108137674709662,7x212,126x7,0.023841100046411157
917,SNR_5db,ONMF,7,1,0.05,False,0.23717877268045987,7x212,126x7,0.024885599967092276
918,SNR_5db,ONMF,7,1,0.05,False,0.24470542151483365,7x212,126x7,0.03146589989773929
919,SNR_5db,ONMF,7,1,0.05,False,0.26180493243699476,7x212,126x7,0.02959639998152852
920,SNR_5db,ONMF,7,1,0.05,False,0.25049916094654,7x212,126x7,0.02596070012077689
921,SNR_5db,ONMF,7,1,0.05,False,0.24578447091325356,7x212,126x7,0.02510030008852482
922,SNR_5db,ONMF,7,1,0.05,False,0.22600075553975896,7x212,126x7,0.028095000190660357
923,SNR_5db,ONMF,7,1,0.05,False,0.22923816179281675,7x212,126x7,0.025247500045225024
924,SNR_5db,ONMF,7,1,0.05,False,0.2285003798237608,7x212,126x7,0.024353199871256948
925,SNR_5db,ONMF,7,1,0.05,False,0.22286865982361959,7x212,126x7,0.03070190013386309
926,SNR_5db,ONMF,7,1,0.05,False,0.22404255582831212,7x212,126x7,0.025399100035429
927,SNR_5db,ONMF,7,1,0.05,False,0.23181184933775786,7x212,126x7,0.026701000053435564
928,SNR_5db,ONMF,7,1,0.05,False,0.2267267233536354,7x212,126x7,0.026551300194114447
929,SNR_5db,ONMF,7,1,0.05,False,0.22063553175160985,7x212,126x7,0.02607650007121265
930,SNR_5db,ONMF,7,1,0.05,False,0.22858599407647662,7x212,126x7,0.02634940017014742
931,SNR_5db,ONMF,7,1,0.05,False,0.22541700083816926,7x212,126x7,0.024108100216835737
932,SNR_5db,ONMF,7,1,0.05,False,0.22417725278498424,7x212,126x7,0.02540909987874329
933,SNR_5db,ONMF,7,1,0.05,False,0.22948063128773324,7x212,126x7,0.025972000090405345
934,SNR_5db,ONMF,7,1,0.05,False,0.2293163766259109,7x212,126x7,0.024801400024443865
935,SNR_5db,ONMF,7,1,0.05,False,0.23024533256478164,7x212,126x7,0.025476299924775958
936,SNR_5db,ONMF,7,1,0.05,False,0.22940480372695513,7x212,126x7,0.024914800189435482
937,SNR_5db,ONMF,7,1,0.05,False,0.22526422428067444,7x212,126x7,0.023731499910354614
938,SNR_5db,ONMF,7,1,0.05,False,0.22467590639757054,7x212,126x7,0.024727200157940388
939,SNR_5db,ONMF,7,1,0.05,False,0.23105524446156164,7x212,126x7,0.023621700005605817
940,SNR_5db,ONMF,7,1,0.05,False,0.22202676582725472,7x212,126x7,0.024263400118798018
941,SNR_5db,ONMF,7,1,0.05,False,0.2249070389301446,7x212,126x7,0.024808899965137243
942,SNR_5db,ONMF,7,1,0.05,False,0.22831895125983545,7x212,126x7,0.025541799841448665
943,SNR_5db,ONMF,7,1,0.05,False,0.23055642916699048,7x212,126x7,0.025011899881064892
944,SNR_5db,ONMF,7,1,0.05,False,0.2221049887310274,7x212,126x7,0.024541200138628483
945,SNR_5db,ONMF,7,1,0.05,False,0.22249076627689487,7x212,126x7,0.023704900173470378
946,SNR_5db,ONMF,7,1,0.05,False,0.2258715816968864,7x212,126x7,0.025146600091829896
947,SNR_5db,ONMF,7,1,0.05,False,0.2261482533417194,7x212,126x7,0.0240641999989748
948,SNR_5db,ONMF,7,1,0.05,False,0.22702490513062268,7x212,126x7,0.02572700008749962
949,SNR_5db,ONMF,7,1,0.05,False,0.22700582594174404,7x212,126x7,0.02611370012164116
950,SNR_5db,ONMF,7,1,0.05,False,0.22876792540789065,7x212,126x7,0.02784639992751181
951,SNR_5db,ONMF,7,1,0.05,False,0.22831009555350498,7x212,126x7,0.026608899934217334
952,SNR_5db,ONMF,7,1,0.05,False,0.22064853446894966,7x212,126x7,0.026088599814102054
953,SNR_5db,ONMF,7,1,0.05,False,0.22223679352854855,7x212,126x7,0.027524200035259128
954,SNR_5db,ONMF,7,1,0.05,False,0.2298542340858805,7x212,126x7,0.026983599876984954
955,SNR_5db,ONMF,7,1,0.05,False,0.2258789147407232,7x212,126x7,0.02665559994056821
956,SNR_5db,ONMF,7,1,0.05,False,0.22525403407569403,7x212,126x7,0.02641679998487234
957,SNR_5db,ONMF,7,1,0.05,False,0.22667242056412965,7x212,126x7,0.02616929984651506
958,SNR_5db,ONMF,7,1,0.05,False,0.2281662171738544,7x212,126x7,0.026885499944910407
959,SNR_5db,ONMF,7,1,0.05,False,0.22549401854019713,7x212,126x7,0.03213780000805855
960,SNR_5db,ONMF,7,1,0.05,False,0.22623241229245017,7x212,126x7,0.025634600082412362
961,SNR_5db,ONMF,7,1,0.05,False,0.22359387234562803,7x212,126x7,0.029303899966180325
962,SNR_5db,ONMF,7,1,0.05,False,0.23052268107001903,7x212,126x7,0.023986499989405274
963,SNR_5db,ONMF,7,1,0.05,False,0.22346886342567482,7x212,126x7,0.024920100113376975
964,SNR_5db,ONMF,7,1,0.05,False,0.22845668154404009,7x212,126x7,0.02509830007329583
965,SNR_5db,ONMF,7,1,0.05,False,0.22777385024352315,7x212,126x7,0.025296000065281987
966,SNR_5db,ONMF,7,1,0.05,False,0.22950928582935454,7x212,126x7,0.023846899857744575
967,SNR_5db,ONMF,7,1,0.05,False,0.2197027959443794,7x212,126x7,0.025297800078988075
968,SNR_5db,ONMF,7,1,0.05,False,0.222864416389548,7x212,126x7,0.025060700019821525
969,SNR_5db,ONMF,7,1,0.05,False,0.2250486990327928,7x212,126x7,0.025882499990984797
970,SNR_5db,ONMF,7,1,0.05,False,0.22544306951318585,7x212,126x7,0.025762699777260423
971,SNR_5db,ONMF,7,1,0.05,False,0.2252555333316097,7x212,126x7,0.0253759000916034
972,SNR_5db,ONMF,7,1,0.05,False,0.2251410486876719,7x212,126x7,0.023576500127092004
973,SNR_5db,ONMF,7,1,0.05,False,0.23232879176882335,7x212,126x7,0.024596100207418203
974,SNR_5db,ONMF,7,1,0.05,False,0.2402132257268763,7x212,126x7,0.02350130002014339
975,SNR_5db,ONMF,7,1,0.05,False,0.27028280320208203,7x212,126x7,0.026145000010728836
976,SNR_5db,ONMF,7,1,0.05,False,0.27479073688949107,7x212,126x7,0.024346800055354834
977,SNR_5db,ONMF,7,1,0.05,False,0.273226176564019,7x212,126x7,0.024507900001481175
978,SNR_5db,ONMF,7,1,0.05,False,0.2627219700505927,7x212,126x7,0.027256699977442622
979,SNR_5db,ONMF,7,1,0.05,False,0.25680929841229716,7x212,126x7,0.02424100018106401
980,SNR_5db,ONMF,7,1,0.05,False,0.25071654515006137,7x212,126x7,0.02341959998011589
981,SNR_5db,ONMF,7,1,0.05,False,0.25610982129518056,7x212,126x7,0.025100599974393845
982,SNR_5db,ONMF,7,1,0.05,False,0.24702523621984215,7x212,126x7,0.024616299895569682
983,SNR_5db,ONMF,7,1,0.05,False,0.2457380898285088,7x212,126x7,0.025438900105655193
984,SNR_5db,ONMF,7,1,0.05,False,0.24498896289960842,7x212,126x7,0.023971199989318848
985,SNR_5db,ONMF,7,1,0.05,False,0.2655585130315718,7x212,126x7,0.02544739982113242
986,SNR_5db,ONMF,7,1,0.05,False,0.24101061390426542,7x212,126x7,0.02999179996550083
987,SNR_5db,ONMF,7,1,0.05,False,0.2726477972354854,7x212,126x7,0.030975600006058812
988,SNR_5db,ONMF,7,1,0.05,False,0.2284014662156782,7x212,126x7,0.028319000033661723
989,SNR_5db,ONMF,7,1,0.05,False,0.2201114014906573,7x212,126x7,0.028964800061658025
990,SNR_5db,ONMF,7,1,0.05,False,0.23733551889597376,7x212,126x7,0.033913200022652745
991,SNR_5db,ONMF,7,1,0.05,False,0.23531928547928174,7x212,126x7,0.027738100150600076
992,SNR_5db,ONMF,7,1,0.05,False,0.23787172575462487,7x212,126x7,0.029307299992069602
993,SNR_5db,ONMF,7,1,0.05,False,0.23642520649342527,7x212,126x7,0.02590190013870597
994,SNR_5db,ONMF,7,1,0.05,False,0.23835262227154602,7x212,126x7,0.03077170019969344
995,SNR_5db,ONMF,7,1,0.05,False,0.24433547712531808,7x212,126x7,0.02440520003437996
996,SNR_5db,ONMF,7,1,0.05,False,0.20032239544362623,7x212,126x7,0.02953399997204542
997,SNR_5db,ONMF,7,1,0.05,False,0.198579006862125,7x212,126x7,0.03250899980776012
998,SNR_5db,ONMF,7,1,0.05,False,0.26095630357346616,7x212,126x7,0.02549949986860156
999,SNR_5db,ONMF,7,1,0.05,False,0.27301841184855286,7x212,126x7,0.02921979990787804
