clase,archivo,tSNE_1,tSNE_2
AS,New_AS_001.wav,31.692106,-27.84971
AS,New_AS_002.wav,31.610216,-27.70329
AS,New_AS_003.wav,32.628178,-27.793821
AS,New_AS_004.wav,32.365307,-27.831646
AS,New_AS_005.wav,31.621334,-27.11392
AS,New_AS_006.wav,31.97095,-27.657682
AS,New_AS_007.wav,32.57988,-27.729383
AS,New_AS_008.wav,32.255592,-26.983912
AS,New_AS_009.wav,31.681358,-27.65044
AS,New_AS_010.wav,31.576925,-27.235119
AS,New_AS_011.wav,32.700443,-26.977837
AS,New_AS_012.wav,31.66832,-27.373602
AS,New_AS_013.wav,32.358414,-26.944561
AS,New_AS_014.wav,32.174873,-26.973125
AS,New_AS_015.wav,32.077564,-27.948614
AS,New_AS_016.wav,31.665533,-27.009583
AS,New_AS_017.wav,32.16907,-26.881573
AS,New_AS_018.wav,31.616602,-26.964813
AS,New_AS_019.wav,32.21002,-27.815674
AS,New_AS_020.wav,31.903833,-26.650192
AS,New_AS_021.wav,32.750084,-27.148556
AS,New_AS_022.wav,32.73968,-27.490877
AS,New_AS_023.wav,32.805885,-27.30787
AS,New_AS_024.wav,32.364197,-27.462984
AS,New_AS_025.wav,4.3406973,-33.5807
AS,New_AS_026.wav,5.8755035,-31.74485
AS,New_AS_027.wav,6.341484,-30.734993
AS,New_AS_028.wav,7.2488594,-32.295067
AS,New_AS_029.wav,3.0483334,-31.61985
AS,New_AS_030.wav,7.0221543,-32.49744
AS,New_AS_031.wav,3.0352497,-32.097336
AS,New_AS_032.wav,6.7355638,-34.15443
AS,New_AS_033.wav,4.392576,-33.039543
AS,New_AS_034.wav,4.1040535,-33.20391
AS,New_AS_035.wav,3.7437668,-30.524328
AS,New_AS_036.wav,4.0002646,-33.011444
AS,New_AS_037.wav,3.3738172,-31.854353
AS,New_AS_038.wav,3.5739827,-33.382156
AS,New_AS_039.wav,6.197154,-30.770071
AS,New_AS_040.wav,6.7137747,-30.722418
AS,New_AS_041.wav,4.5922384,-29.451307
AS,New_AS_042.wav,5.0995674,-33.31355
AS,New_AS_043.wav,1.5165961,-32.708744
AS,New_AS_044.wav,6.160155,-32.056873
AS,New_AS_045.wav,4.5844245,-32.036278
AS,New_AS_046.wav,2.537421,-30.708483
AS,New_AS_047.wav,5.2148004,-31.396784
AS,New_AS_048.wav,5.6380754,-29.86623
AS,New_AS_049.wav,-8.717882,-25.22028
AS,New_AS_050.wav,-9.743688,-24.978287
AS,New_AS_051.wav,-9.783337,-26.917389
AS,New_AS_052.wav,-10.240624,-25.742634
AS,New_AS_053.wav,-10.3029375,-24.916973
AS,New_AS_054.wav,-10.228444,-26.566624
AS,New_AS_055.wav,-10.124292,-25.95168
AS,New_AS_056.wav,-10.380305,-25.277143
AS,New_AS_057.wav,-10.244813,-26.54581
AS,New_AS_058.wav,-10.2238,-26.627707
AS,New_AS_059.wav,-10.316971,-24.99142
AS,New_AS_060.wav,-9.980902,-26.233221
AS,New_AS_061.wav,-9.620883,-26.052395
AS,New_AS_062.wav,-9.232995,-25.235596
AS,New_AS_063.wav,-9.7835245,-24.958975
AS,New_AS_064.wav,-9.544964,-25.795038
AS,New_AS_065.wav,-8.889715,-25.675087
AS,New_AS_066.wav,-9.569905,-26.578112
AS,New_AS_067.wav,-9.07076,-25.908297
AS,New_AS_068.wav,-9.093881,-25.484226
AS,New_AS_069.wav,-8.986468,-26.562729
AS,New_AS_070.wav,-9.101835,-24.970013
AS,New_AS_071.wav,-9.664415,-26.754248
AS,New_AS_072.wav,-9.485155,-26.460842
AS,New_AS_073.wav,-9.22988,-26.549671
AS,New_AS_074.wav,-9.615581,-25.69041
AS,New_AS_075.wav,-8.771045,-25.76035
AS,New_AS_076.wav,-9.621641,-26.772467
AS,New_AS_077.wav,2.5249028,-31.958115
AS,New_AS_078.wav,3.6668108,-30.934637
AS,New_AS_079.wav,4.270967,-32.566334
AS,New_AS_080.wav,6.4204803,-29.34432
AS,New_AS_081.wav,5.9801726,-29.982552
AS,New_AS_082.wav,5.59333,-29.386759
AS,New_AS_083.wav,2.179758,-31.180618
AS,New_AS_084.wav,5.8101854,-34.357273
AS,New_AS_085.wav,5.397274,-30.152885
AS,New_AS_086.wav,2.1553714,-33.14829
AS,New_AS_087.wav,6.6238213,-34.597836
AS,New_AS_088.wav,7.3194942,-30.012356
AS,New_AS_089.wav,5.908732,-31.48082
AS,New_AS_090.wav,5.931497,-32.29837
AS,New_AS_091.wav,7.503833,-31.136124
AS,New_AS_092.wav,4.9276357,-28.833881
AS,New_AS_093.wav,6.211125,-29.557491
AS,New_AS_094.wav,3.4981794,-33.50512
AS,New_AS_095.wav,6.238675,-33.144264
AS,New_AS_096.wav,3.6031773,-31.04258
AS,New_AS_097.wav,6.0653515,-34.4144
AS,New_AS_098.wav,6.823374,-31.934725
AS,New_AS_099.wav,3.3288047,-32.321365
AS,New_AS_100.wav,6.6498046,-33.91707
AS,New_AS_101.wav,2.6017754,-32.798035
AS,New_AS_102.wav,4.72783,-33.955833
AS,New_AS_103.wav,6.732863,-33.497868
AS,New_AS_104.wav,6.339969,-31.561756
AS,New_AS_105.wav,4.220025,-33.70594
AS,New_AS_106.wav,5.4026947,-34.257248
AS,New_AS_107.wav,5.501637,-29.50686
AS,New_AS_108.wav,6.6956954,-31.820597
AS,New_AS_109.wav,6.3459363,-29.192675
AS,New_AS_110.wav,7.045158,-31.21366
AS,New_AS_111.wav,32.345764,-25.70053
AS,New_AS_112.wav,32.351223,-25.670343
AS,New_AS_113.wav,32.322437,-25.751835
AS,New_AS_114.wav,32.348095,-25.640524
AS,New_AS_115.wav,4.5234256,-30.552334
AS,New_AS_116.wav,7.872318,-31.786299
AS,New_AS_117.wav,7.255981,-33.461143
AS,New_AS_118.wav,2.6396918,-32.64886
AS,New_AS_119.wav,6.636572,-31.174376
AS,New_AS_120.wav,5.4223433,-33.36888
AS,New_AS_121.wav,4.785532,-31.21341
AS,New_AS_122.wav,3.0367837,-33.115696
AS,New_AS_123.wav,2.903142,-33.252598
AS,New_AS_124.wav,3.5275898,-30.070581
AS,New_AS_125.wav,6.794944,-30.368744
AS,New_AS_126.wav,4.7458515,-29.445642
AS,New_AS_127.wav,3.1871707,-32.42587
AS,New_AS_128.wav,5.5132556,-31.092613
AS,New_AS_129.wav,-4.7280703,2.5283577
AS,New_AS_130.wav,-5.0071907,2.7181752
AS,New_AS_131.wav,8.174274,-29.095839
AS,New_AS_132.wav,8.112518,-29.1823
AS,New_AS_133.wav,-5.1347637,-1.3127693
AS,New_AS_134.wav,2.3731968,-33.872997
AS,New_AS_135.wav,-5.297976,-2.035951
AS,New_AS_136.wav,-4.8076663,2.6928082
AS,New_AS_137.wav,-5.028726,3.032484
AS,New_AS_138.wav,-4.686499,2.6353276
AS,New_AS_139.wav,-4.82927,2.0758767
AS,New_AS_140.wav,2.484627,-36.693703
AS,New_AS_141.wav,2.497373,-36.693577
AS,New_AS_142.wav,2.4639528,-36.694862
AS,New_AS_143.wav,2.482817,-36.692223
AS,New_AS_144.wav,31.801735,-29.817923
AS,New_AS_145.wav,31.809387,-29.78659
AS,New_AS_146.wav,31.813583,-29.808512
AS,New_AS_147.wav,31.808182,-29.784243
AS,New_AS_148.wav,31.777168,-29.933035
AS,New_AS_149.wav,31.808798,-29.75845
AS,New_AS_150.wav,31.831509,-29.668869
AS,New_AS_151.wav,31.827658,-29.669632
AS,New_AS_152.wav,2.256392,-26.718899
AS,New_AS_153.wav,2.2628777,-26.733944
AS,New_AS_154.wav,2.264489,-26.738205
AS,New_AS_155.wav,2.2622979,-26.730675
AS,New_AS_156.wav,-4.6053534,2.6130085
AS,New_AS_157.wav,-5.1016235,2.9992354
AS,New_AS_158.wav,-4.846531,2.3043652
AS,New_AS_159.wav,-4.862232,2.0049415
AS,New_AS_160.wav,-5.4979477,2.7630723
AS,New_AS_161.wav,-5.4504323,3.050123
AS,New_AS_162.wav,-5.386836,2.432496
AS,New_AS_163.wav,-5.3044467,2.2068245
AS,New_AS_164.wav,19.49072,17.036737
AS,New_AS_165.wav,19.510998,17.043768
AS,New_AS_166.wav,21.875744,17.312569
AS,New_AS_167.wav,21.847149,17.46557
AS,New_AS_168.wav,21.757504,17.44491
AS,New_AS_169.wav,21.4979,17.36976
AS,New_AS_170.wav,19.508675,17.042282
AS,New_AS_171.wav,19.498934,17.0394
AS,New_AS_172.wav,21.502684,17.33735
AS,New_AS_173.wav,21.680609,17.53247
AS,New_AS_174.wav,21.764383,17.522484
AS,New_AS_175.wav,21.85679,17.517776
AS,New_AS_176.wav,21.80132,17.285328
AS,New_AS_177.wav,21.745289,17.25698
AS,New_AS_178.wav,21.978647,17.41776
AS,New_AS_179.wav,21.825895,17.23142
AS,New_AS_180.wav,-3.6969433,-2.0321681
AS,New_AS_181.wav,-3.6800048,-2.025111
AS,New_AS_182.wav,-3.716856,-2.0315812
AS,New_AS_183.wav,-3.73491,-2.0493665
AS,New_AS_184.wav,-5.3805575,2.7372003
AS,New_AS_185.wav,-5.617641,2.8082347
AS,New_AS_186.wav,-5.6042857,2.2768328
AS,New_AS_187.wav,-5.3042326,2.263847
AS,New_AS_188.wav,30.376944,-27.184355
AS,New_AS_189.wav,30.473036,-27.14077
AS,New_AS_190.wav,18.599459,16.474968
AS,New_AS_191.wav,18.56275,16.453371
AS,New_AS_192.wav,3.714783,-36.48703
AS,New_AS_193.wav,3.6861124,-36.48805
AS,New_AS_194.wav,5.755835,-36.84877
AS,New_AS_195.wav,5.7485723,-36.849743
AS,New_AS_196.wav,0.7898052,-13.259513
AS,New_AS_197.wav,0.79349285,-13.2497425
AS,New_AS_198.wav,0.7638988,-13.22743
AS,New_AS_199.wav,0.7625871,-13.237819
AS,New_AS_200.wav,0.7041631,-13.199322
MR,New_MR_001.wav,-0.9725202,23.079939
MR,New_MR_002.wav,-0.95621777,23.07695
MR,New_MR_003.wav,-0.9442992,23.066988
MR,New_MR_004.wav,-0.94072515,23.07377
MR,New_MR_005.wav,-24.649094,-3.902266
MR,New_MR_006.wav,-24.67457,-3.6089742
MR,New_MR_007.wav,-24.535528,-3.8910336
MR,New_MR_008.wav,-24.584446,-3.6493256
MR,New_MR_009.wav,-24.550058,-3.9339204
MR,New_MR_010.wav,-24.505781,-3.468082
MR,New_MR_011.wav,-24.387665,-6.617218
MR,New_MR_012.wav,-24.417233,-6.7238803
MR,New_MR_013.wav,-24.32025,-6.6493726
MR,New_MR_014.wav,-24.332443,-6.6022005
MR,New_MR_015.wav,-24.95367,-5.9819617
MR,New_MR_016.wav,-24.954824,-5.8325286
MR,New_MR_017.wav,-24.993708,-6.03898
MR,New_MR_018.wav,-25.121063,-5.917253
MR,New_MR_019.wav,-24.927973,-5.8802023
MR,New_MR_020.wav,-24.999748,-5.8805785
MR,New_MR_021.wav,-24.285236,-2.1437633
MR,New_MR_022.wav,-24.182278,-1.9302751
MR,New_MR_023.wav,-24.18292,-1.9537064
MR,New_MR_024.wav,-24.260714,-1.9947379
MR,New_MR_025.wav,-24.180264,-1.8172737
MR,New_MR_026.wav,-17.342289,18.167694
MR,New_MR_027.wav,-21.06051,15.305998
MR,New_MR_028.wav,-19.367857,20.492483
MR,New_MR_029.wav,-22.223606,18.66135
MR,New_MR_030.wav,-22.025583,21.838657
MR,New_MR_031.wav,-20.781267,21.47601
MR,New_MR_032.wav,-18.611101,17.669838
MR,New_MR_033.wav,-21.49598,20.772411
MR,New_MR_034.wav,-2.0170152,-7.5658293
MR,New_MR_035.wav,-2.0321848,-7.5774875
MR,New_MR_036.wav,-2.0944917,-7.633398
MR,New_MR_037.wav,-2.0660539,-7.6567373
MR,New_MR_038.wav,-26.00231,-2.7005782
MR,New_MR_039.wav,-26.06519,-2.6793158
MR,New_MR_040.wav,-16.698742,13.090757
MR,New_MR_041.wav,-16.705605,13.1006365
MR,New_MR_042.wav,-16.703257,13.099398
MR,New_MR_043.wav,-16.70147,13.093947
MR,New_MR_044.wav,-16.69887,13.094479
MR,New_MR_045.wav,-16.703514,13.098559
MR,New_MR_046.wav,-25.572609,-2.945559
MR,New_MR_047.wav,-25.517967,-2.9179819
MR,New_MR_048.wav,-25.507885,-3.003805
MR,New_MR_049.wav,-25.514717,-3.1070614
MR,New_MR_050.wav,-25.63847,-3.0489914
MR,New_MR_051.wav,-25.5823,-3.0371954
MR,New_MR_052.wav,-23.28294,19.756016
MR,New_MR_053.wav,-20.534342,17.854567
MR,New_MR_054.wav,-21.868727,23.216665
MR,New_MR_055.wav,-20.660118,19.526585
MR,New_MR_056.wav,-21.278032,21.074451
MR,New_MR_057.wav,-20.715027,23.151846
MR,New_MR_058.wav,-20.398119,16.301859
MR,New_MR_059.wav,-19.834156,17.335531
MR,New_MR_060.wav,-19.003094,19.275078
MR,New_MR_061.wav,-21.970425,23.17134
MR,New_MR_062.wav,-22.27642,17.312584
MR,New_MR_063.wav,-23.31153,18.239584
MR,New_MR_064.wav,-19.301994,17.562553
MR,New_MR_065.wav,-21.331736,16.03543
MR,New_MR_066.wav,-23.453264,21.986244
MR,New_MR_067.wav,-21.859016,20.19567
MR,New_MR_068.wav,-20.164705,22.310436
MR,New_MR_069.wav,-17.533255,16.913626
MR,New_MR_070.wav,-21.840595,19.877449
MR,New_MR_071.wav,-21.454216,21.793533
MR,New_MR_072.wav,-22.1365,16.2951
MR,New_MR_073.wav,-22.713573,17.113047
MR,New_MR_074.wav,-20.180624,19.55876
MR,New_MR_075.wav,-19.959969,20.385515
MR,New_MR_076.wav,-19.814627,19.57016
MR,New_MR_077.wav,-19.334324,23.03517
MR,New_MR_078.wav,-22.14328,17.581976
MR,New_MR_079.wav,-21.842476,22.621185
MR,New_MR_080.wav,-2.1213934,24.127361
MR,New_MR_081.wav,-2.119012,24.128082
MR,New_MR_082.wav,-1.9747281,-7.557409
MR,New_MR_083.wav,-2.045501,-7.59537
MR,New_MR_084.wav,-2.0725007,-7.595816
MR,New_MR_085.wav,-2.2254007,-7.532534
MR,New_MR_086.wav,-2.2776606,-7.5426884
MR,New_MR_087.wav,-2.1719158,-7.5671334
MR,New_MR_088.wav,-10.77864,8.607091
MR,New_MR_089.wav,-11.0695505,8.719724
MR,New_MR_090.wav,-10.600129,8.787885
MR,New_MR_091.wav,-11.049741,8.849873
MR,New_MR_092.wav,-11.059163,8.77488
MR,New_MR_093.wav,-10.757475,8.4813795
MR,New_MR_094.wav,-10.758106,9.083011
MR,New_MR_095.wav,-10.793435,9.069744
MR,New_MR_096.wav,-10.563418,8.85968
MR,New_MR_097.wav,-10.984747,8.655902
MR,New_MR_098.wav,-10.936617,9.041353
MR,New_MR_099.wav,-10.868779,9.066092
MR,New_MR_100.wav,-10.77283,8.5306425
MR,New_MR_101.wav,-10.5986395,8.946109
MR,New_MR_102.wav,-17.722572,16.983143
MR,New_MR_103.wav,-19.157722,15.634453
MR,New_MR_104.wav,-21.038424,16.619808
MR,New_MR_105.wav,-20.806665,18.99576
MR,New_MR_106.wav,-19.783129,20.775888
MR,New_MR_107.wav,-22.211786,20.434496
MR,New_MR_108.wav,-17.958591,16.490524
MR,New_MR_109.wav,-20.848747,16.193571
MR,New_MR_110.wav,-20.779203,19.879347
MR,New_MR_111.wav,-18.774107,16.665527
MR,New_MR_112.wav,-21.593998,17.986906
MR,New_MR_113.wav,-20.071192,20.716686
MR,New_MR_114.wav,-23.603174,19.58167
MR,New_MR_115.wav,-23.221447,18.122526
MR,New_MR_116.wav,-22.753975,22.36283
MR,New_MR_117.wav,-19.93955,19.169643
MR,New_MR_118.wav,-21.711304,19.080395
MR,New_MR_119.wav,-18.396597,18.136679
MR,New_MR_120.wav,-18.757446,21.12866
MR,New_MR_121.wav,-21.570696,23.274776
MR,New_MR_122.wav,-22.68207,22.027674
MR,New_MR_123.wav,-21.945335,19.353947
MR,New_MR_124.wav,-23.040854,20.818714
MR,New_MR_125.wav,-19.016918,21.508823
MR,New_MR_126.wav,-21.34406,17.747093
MR,New_MR_127.wav,-17.626526,18.25514
MR,New_MR_128.wav,-20.250772,20.656635
MR,New_MR_129.wav,-21.305412,16.877972
MR,New_MR_130.wav,-18.662205,18.336227
MR,New_MR_131.wav,-20.705074,21.339766
MR,New_MR_132.wav,-19.981499,18.924816
MR,New_MR_133.wav,-21.230272,23.137419
MR,New_MR_134.wav,-22.000536,16.8641
MR,New_MR_135.wav,-23.36678,19.565248
MR,New_MR_136.wav,-21.21027,22.2853
MR,New_MR_137.wav,-21.991394,16.159746
MR,New_MR_138.wav,-19.301426,20.49789
MR,New_MR_139.wav,-19.923038,18.032923
MR,New_MR_140.wav,-18.823605,16.320654
MR,New_MR_141.wav,-19.99487,16.336496
MR,New_MR_142.wav,-18.603165,16.972
MR,New_MR_143.wav,-21.48786,15.902242
MR,New_MR_144.wav,-19.779043,17.43302
MR,New_MR_145.wav,-21.519249,22.628962
MR,New_MR_146.wav,-19.426298,16.650005
MR,New_MR_147.wav,-23.372923,19.43788
MR,New_MR_148.wav,-20.38647,21.12173
MR,New_MR_149.wav,-18.456818,20.811544
MR,New_MR_150.wav,-20.290348,22.572803
MR,New_MR_151.wav,-20.404844,15.462515
MR,New_MR_152.wav,-21.994522,22.23104
MR,New_MR_153.wav,-23.816465,20.56633
MR,New_MR_154.wav,-22.595879,18.449453
MR,New_MR_155.wav,-17.566322,18.425947
MR,New_MR_156.wav,-22.486706,22.274479
MR,New_MR_157.wav,-19.029282,20.434767
MR,New_MR_158.wav,-12.053317,37.034748
MR,New_MR_159.wav,-12.6478615,36.889603
MR,New_MR_160.wav,-12.453342,35.784565
MR,New_MR_161.wav,-11.547566,37.345875
MR,New_MR_162.wav,-11.370317,36.097507
MR,New_MR_163.wav,-11.206916,36.430496
MR,New_MR_164.wav,-11.597512,36.76299
MR,New_MR_165.wav,-11.599579,37.01381
MR,New_MR_166.wav,-12.680212,37.516922
MR,New_MR_167.wav,-12.13116,37.334644
MR,New_MR_168.wav,-12.310324,37.44283
MR,New_MR_169.wav,-12.885731,36.743103
MR,New_MR_170.wav,-12.459231,36.2371
MR,New_MR_171.wav,-12.3120575,36.40506
MR,New_MR_172.wav,-11.488093,36.222366
MR,New_MR_173.wav,-11.851787,35.700886
MR,New_MR_174.wav,-12.337989,37.34627
MR,New_MR_175.wav,-12.627797,37.093555
MR,New_MR_176.wav,-11.937004,36.852825
MR,New_MR_177.wav,-12.715654,37.292873
MR,New_MR_178.wav,-13.089337,36.311176
MR,New_MR_179.wav,-11.640138,36.011284
MR,New_MR_180.wav,-12.8614855,35.85949
MR,New_MR_181.wav,-12.500327,36.22249
MR,New_MR_182.wav,-12.552938,36.72685
MR,New_MR_183.wav,-12.433757,35.628227
MR,New_MR_184.wav,-11.610195,36.31729
MR,New_MR_185.wav,-12.38729,36.50043
MR,New_MR_186.wav,-1.5036829,-11.47603
MR,New_MR_187.wav,-1.5142648,-11.465946
MR,New_MR_188.wav,-1.5322554,-11.443445
MR,New_MR_189.wav,-1.5129527,-11.450853
MR,New_MR_190.wav,-1.5840248,-11.383707
MR,New_MR_191.wav,-1.6200783,-11.329303
MR,New_MR_192.wav,-1.6662924,-11.322489
MR,New_MR_193.wav,-1.6353654,-11.32326
MR,New_MR_194.wav,29.834188,-2.51798
MR,New_MR_195.wav,29.828363,-2.5201824
MR,New_MR_196.wav,29.82759,-2.519415
MR,New_MR_197.wav,29.829426,-2.5182128
MR,New_MR_198.wav,29.829203,-2.5189443
MR,New_MR_199.wav,29.83067,-2.5188088
MR,New_MR_200.wav,29.829771,-2.5190873
MS,New_MS_001.wav,8.274463,25.941267
MS,New_MS_002.wav,8.278023,25.939873
MS,New_MS_003.wav,8.2763405,25.943266
MS,New_MS_004.wav,8.277911,25.940287
MS,New_MS_005.wav,-21.545326,-6.1244373
MS,New_MS_006.wav,-21.61328,-6.3082733
MS,New_MS_007.wav,-21.673353,-5.9403453
MS,New_MS_008.wav,-21.654823,-6.2200966
MS,New_MS_009.wav,-21.68899,-6.208654
MS,New_MS_010.wav,-21.800789,-6.1445093
MS,New_MS_011.wav,-21.787151,-6.1896396
MS,New_MS_012.wav,-21.704103,-6.195134
MS,New_MS_013.wav,-21.672812,-6.1724896
MS,New_MS_014.wav,-21.668348,-6.1788707
MS,New_MS_015.wav,5.910987,7.2113643
MS,New_MS_016.wav,12.550587,0.063112736
MS,New_MS_017.wav,8.690273,15.611778
MS,New_MS_018.wav,8.677152,15.589829
MS,New_MS_019.wav,8.684277,15.605395
MS,New_MS_020.wav,8.690536,15.605029
MS,New_MS_021.wav,4.8026814,17.727898
MS,New_MS_022.wav,3.9418159,20.905434
MS,New_MS_023.wav,5.9158354,22.893797
MS,New_MS_024.wav,7.988449,22.349276
MS,New_MS_025.wav,4.6936393,18.324802
MS,New_MS_026.wav,3.0405097,18.953194
MS,New_MS_027.wav,7.679749,21.456072
MS,New_MS_028.wav,7.28246,23.260181
MS,New_MS_029.wav,4.1917577,19.21939
MS,New_MS_030.wav,4.5905557,17.765999
MS,New_MS_031.wav,6.575114,20.878613
MS,New_MS_032.wav,7.374116,20.651018
MS,New_MS_033.wav,2.5573084,22.617651
MS,New_MS_034.wav,3.469606,21.539501
MS,New_MS_035.wav,7.31154,21.921024
MS,New_MS_036.wav,6.960035,22.589245
MS,New_MS_037.wav,4.171702,18.557972
MS,New_MS_038.wav,4.533579,20.608946
MS,New_MS_039.wav,8.0160675,21.58526
MS,New_MS_040.wav,5.7910275,23.53831
MS,New_MS_041.wav,3.7680266,23.230371
MS,New_MS_042.wav,3.7147512,20.497763
MS,New_MS_043.wav,6.443598,23.27921
MS,New_MS_044.wav,7.175409,22.522747
MS,New_MS_045.wav,3.7501311,18.73559
MS,New_MS_046.wav,3.5382783,19.337894
MS,New_MS_047.wav,4.192095,20.638903
MS,New_MS_048.wav,4.4572463,20.751648
MS,New_MS_049.wav,0.37400228,13.242728
MS,New_MS_050.wav,0.32818124,13.279641
MS,New_MS_051.wav,0.34567955,13.263221
MS,New_MS_052.wav,0.33235794,13.281129
MS,New_MS_053.wav,11.335063,19.39332
MS,New_MS_054.wav,11.342509,19.385733
MS,New_MS_055.wav,11.3409605,19.389286
MS,New_MS_056.wav,11.320299,19.410666
MS,New_MS_057.wav,11.349276,19.385471
MS,New_MS_058.wav,11.345248,19.38733
MS,New_MS_059.wav,7.53478,21.118084
MS,New_MS_060.wav,6.4812922,19.781809
MS,New_MS_061.wav,2.9051523,19.97538
MS,New_MS_062.wav,3.4369137,20.326809
MS,New_MS_063.wav,7.10962,18.82104
MS,New_MS_064.wav,6.163731,19.219135
MS,New_MS_065.wav,2.6017315,20.483414
MS,New_MS_066.wav,3.42208,22.214859
MS,New_MS_067.wav,6.00431,22.57123
MS,New_MS_068.wav,5.844783,21.54735
MS,New_MS_069.wav,4.259637,22.234053
MS,New_MS_070.wav,3.8974025,23.212543
MS,New_MS_071.wav,7.8239694,19.560041
MS,New_MS_072.wav,7.3350034,20.530441
MS,New_MS_073.wav,3.7761981,18.29488
MS,New_MS_074.wav,2.879433,20.754778
MS,New_MS_075.wav,6.4301176,22.66672
MS,New_MS_076.wav,8.504412,21.893454
MS,New_MS_077.wav,2.7684352,22.846294
MS,New_MS_078.wav,3.471796,17.832006
MS,New_MS_079.wav,7.3891068,23.262081
MS,New_MS_080.wav,7.595967,21.57658
MS,New_MS_081.wav,3.980367,19.659483
MS,New_MS_082.wav,4.0515695,19.61099
MS,New_MS_083.wav,6.3334517,21.070179
MS,New_MS_084.wav,6.3353844,21.503092
MS,New_MS_085.wav,2.631004,22.562532
MS,New_MS_086.wav,3.8492658,19.024248
MS,New_MS_087.wav,12.541602,0.03520239
MS,New_MS_088.wav,5.9111743,7.209818
MS,New_MS_089.wav,12.551848,0.063096315
MS,New_MS_090.wav,3.512685,10.217172
MS,New_MS_091.wav,4.133311,10.208605
MS,New_MS_092.wav,3.3212986,12.2692
MS,New_MS_093.wav,2.8437936,12.64831
MS,New_MS_094.wav,2.6445646,11.008526
MS,New_MS_095.wav,3.6590636,10.5045185
MS,New_MS_096.wav,4.399987,11.733551
MS,New_MS_097.wav,4.026168,11.509777
MS,New_MS_098.wav,2.624539,11.7465105
MS,New_MS_099.wav,2.2328827,11.680726
MS,New_MS_100.wav,2.7884185,11.417069
MS,New_MS_101.wav,2.821497,11.099201
MS,New_MS_102.wav,2.306401,11.6849785
MS,New_MS_103.wav,2.1574306,11.533657
MS,New_MS_104.wav,4.0930676,12.798357
MS,New_MS_105.wav,2.5144916,11.060512
MS,New_MS_106.wav,1.9631165,12.213619
MS,New_MS_107.wav,2.1737652,12.077391
MS,New_MS_108.wav,2.788676,11.884041
MS,New_MS_109.wav,3.342026,11.502843
MS,New_MS_110.wav,2.6914005,12.558492
MS,New_MS_111.wav,4.1275153,11.71139
MS,New_MS_112.wav,4.265213,10.326777
MS,New_MS_113.wav,4.703341,10.601633
MS,New_MS_114.wav,2.4505236,12.466002
MS,New_MS_115.wav,2.6889753,12.347915
MS,New_MS_116.wav,3.894776,10.517103
MS,New_MS_117.wav,4.5225983,10.667623
MS,New_MS_118.wav,12.551809,0.062255956
MS,New_MS_119.wav,4.2779694,26.722944
MS,New_MS_120.wav,4.276847,26.724092
MS,New_MS_121.wav,4.270426,26.729647
MS,New_MS_122.wav,4.271341,26.727516
MS,New_MS_123.wav,4.271743,26.729454
MS,New_MS_124.wav,4.276834,26.726095
MS,New_MS_125.wav,-21.288717,-1.1360955
MS,New_MS_126.wav,-21.30028,-1.1330974
MS,New_MS_127.wav,-21.291758,-1.1250477
MS,New_MS_128.wav,-21.285284,-1.143632
MS,New_MS_129.wav,13.121249,4.796759
MS,New_MS_130.wav,11.954487,4.6981187
MS,New_MS_131.wav,13.174936,4.9243097
MS,New_MS_132.wav,13.486255,5.809136
MS,New_MS_133.wav,11.963515,4.1549535
MS,New_MS_134.wav,12.362367,5.9683414
MS,New_MS_135.wav,12.949416,7.243668
MS,New_MS_136.wav,10.638527,7.9776006
MS,New_MS_137.wav,11.10343,7.9589715
MS,New_MS_138.wav,12.001424,7.4640393
MS,New_MS_139.wav,12.903779,5.7845054
MS,New_MS_140.wav,10.416666,8.258781
MS,New_MS_141.wav,11.712986,7.220448
MS,New_MS_142.wav,12.714921,6.6359777
MS,New_MS_143.wav,12.178962,4.125204
MS,New_MS_144.wav,11.937039,4.4911103
MS,New_MS_145.wav,13.117826,4.7263665
MS,New_MS_146.wav,13.2200775,5.925666
MS,New_MS_147.wav,12.164224,4.00807
MS,New_MS_148.wav,13.08062,5.724619
MS,New_MS_149.wav,13.04437,7.1144857
MS,New_MS_150.wav,10.565859,7.8174105
MS,New_MS_151.wav,10.888846,7.635987
MS,New_MS_152.wav,12.578768,7.257285
MS,New_MS_153.wav,12.837959,6.0069785
MS,New_MS_154.wav,10.620773,8.4576235
MS,New_MS_155.wav,11.87429,7.564583
MS,New_MS_156.wav,12.4701605,6.8221765
MS,New_MS_157.wav,12.798552,4.5069695
MS,New_MS_158.wav,11.87054,4.4944987
MS,New_MS_159.wav,13.077991,4.6028924
MS,New_MS_160.wav,13.54162,5.4955473
MS,New_MS_161.wav,12.030191,4.0032268
MS,New_MS_162.wav,12.061248,5.7214203
MS,New_MS_163.wav,10.064266,8.23966
MS,New_MS_164.wav,11.312927,6.684311
MS,New_MS_165.wav,13.093685,6.2316065
MS,New_MS_166.wav,11.385942,7.0474086
MS,New_MS_167.wav,11.276023,7.618916
MS,New_MS_168.wav,11.942997,7.2911205
MS,New_MS_169.wav,-7.8277903,-6.9172487
MS,New_MS_170.wav,-7.8531437,-6.90193
MS,New_MS_171.wav,-7.87696,-6.891265
MS,New_MS_172.wav,-20.807375,-3.7946212
MS,New_MS_173.wav,-20.863295,-3.9294238
MS,New_MS_174.wav,-20.72001,-3.8718436
MS,New_MS_175.wav,-20.826588,-3.790055
MS,New_MS_176.wav,-20.848742,-3.8591979
MS,New_MS_177.wav,-20.88043,-4.008175
MS,New_MS_178.wav,-20.90014,-3.77429
MS,New_MS_179.wav,-20.877726,-3.7170026
MS,New_MS_180.wav,7.4681225,23.376862
MS,New_MS_181.wav,7.8866577,21.193954
MS,New_MS_182.wav,2.805836,20.238333
MS,New_MS_183.wav,4.204233,19.99109
MS,New_MS_184.wav,6.4273014,19.595678
MS,New_MS_185.wav,6.653966,19.139076
MS,New_MS_186.wav,5.3079696,20.209898
MS,New_MS_187.wav,3.3188183,19.058422
MS,New_MS_188.wav,6.988745,20.265049
MS,New_MS_189.wav,8.511158,20.811804
MS,New_MS_190.wav,5.331594,17.896597
MS,New_MS_191.wav,4.548986,19.133198
MS,New_MS_192.wav,5.8455114,22.43908
MS,New_MS_193.wav,7.751188,21.9724
MS,New_MS_194.wav,3.819507,22.95238
MS,New_MS_195.wav,4.035896,17.819176
MS,New_MS_196.wav,7.2359104,21.70161
MS,New_MS_197.wav,7.008951,22.549994
MS,New_MS_198.wav,3.351158,22.666563
MS,New_MS_199.wav,2.7212958,19.449957
MS,New_MS_200.wav,7.073279,21.982742
MVP,New_MVP_001.wav,-4.5094833,4.123252
MVP,New_MVP_002.wav,19.492514,10.76267
MVP,New_MVP_003.wav,19.496468,10.759785
MVP,New_MVP_004.wav,-40.849514,4.682523
MVP,New_MVP_005.wav,-41.884235,5.7220707
MVP,New_MVP_006.wav,-42.366486,4.8764286
MVP,New_MVP_007.wav,-42.47056,5.3144217
MVP,New_MVP_008.wav,-41.464127,3.975546
MVP,New_MVP_009.wav,-41.863094,5.008677
MVP,New_MVP_010.wav,-42.238037,5.4316616
MVP,New_MVP_011.wav,-42.054466,4.9357343
MVP,New_MVP_012.wav,-41.710274,4.49622
MVP,New_MVP_013.wav,-41.886963,4.0949073
MVP,New_MVP_014.wav,-41.37345,3.8261328
MVP,New_MVP_015.wav,-41.894463,3.4303303
MVP,New_MVP_016.wav,-41.477917,5.2141247
MVP,New_MVP_017.wav,-41.30548,5.1526856
MVP,New_MVP_018.wav,-41.533375,3.7378151
MVP,New_MVP_019.wav,-41.45927,3.3606493
MVP,New_MVP_020.wav,-41.167843,3.6990125
MVP,New_MVP_021.wav,-40.8394,3.7787871
MVP,New_MVP_022.wav,-41.813942,4.777379
MVP,New_MVP_023.wav,-42.124184,4.0890684
MVP,New_MVP_024.wav,-42.409138,4.7285614
MVP,New_MVP_025.wav,-41.921486,3.934413
MVP,New_MVP_026.wav,-41.10914,4.5590043
MVP,New_MVP_027.wav,-41.06234,4.7334657
MVP,New_MVP_028.wav,-41.36829,4.247997
MVP,New_MVP_029.wav,-41.808266,3.8777692
MVP,New_MVP_030.wav,4.367204,47.465103
MVP,New_MVP_031.wav,5.270312,49.454517
MVP,New_MVP_032.wav,5.6992755,47.84184
MVP,New_MVP_033.wav,4.9746103,47.749992
MVP,New_MVP_034.wav,6.3546476,49.102726
MVP,New_MVP_035.wav,5.8563433,49.336994
MVP,New_MVP_036.wav,5.8169007,47.323357
MVP,New_MVP_037.wav,4.831785,46.832954
MVP,New_MVP_038.wav,5.363021,47.02255
MVP,New_MVP_039.wav,5.0291615,47.193283
MVP,New_MVP_040.wav,6.251602,48.434917
MVP,New_MVP_041.wav,5.9332647,48.84239
MVP,New_MVP_042.wav,5.209848,47.500824
MVP,New_MVP_043.wav,5.2289486,47.973766
MVP,New_MVP_044.wav,5.3827624,48.891724
MVP,New_MVP_045.wav,6.1200743,48.133408
MVP,New_MVP_046.wav,4.497128,48.6786
MVP,New_MVP_047.wav,4.6418066,47.712044
MVP,New_MVP_048.wav,4.70445,46.83892
MVP,New_MVP_049.wav,4.4379635,48.17391
MVP,New_MVP_050.wav,5.37771,46.7115
MVP,New_MVP_051.wav,5.2047257,48.414658
MVP,New_MVP_052.wav,4.8678427,48.403763
MVP,New_MVP_053.wav,6.418002,48.63959
MVP,New_MVP_054.wav,5.239664,48.784645
MVP,New_MVP_055.wav,5.7582355,49.08213
MVP,New_MVP_056.wav,5.824233,48.658646
MVP,New_MVP_057.wav,5.7010736,49.55433
MVP,New_MVP_058.wav,4.7825937,46.88868
MVP,New_MVP_059.wav,4.672739,47.177635
MVP,New_MVP_060.wav,5.5587673,47.335155
MVP,New_MVP_061.wav,6.457782,48.979256
MVP,New_MVP_062.wav,5.1688232,48.635815
MVP,New_MVP_063.wav,6.1057606,48.2015
MVP,New_MVP_064.wav,-34.569603,-1.4287021
MVP,New_MVP_065.wav,-34.37687,-0.77618676
MVP,New_MVP_066.wav,-34.788734,0.028736396
MVP,New_MVP_067.wav,-35.176365,0.039875288
MVP,New_MVP_068.wav,-35.386196,-1.1151288
MVP,New_MVP_069.wav,-34.741158,-2.089439
MVP,New_MVP_070.wav,-33.782394,-1.5623729
MVP,New_MVP_071.wav,-34.17455,-2.0183508
MVP,New_MVP_072.wav,-35.56576,-0.11202745
MVP,New_MVP_073.wav,-35.753944,-0.16576572
MVP,New_MVP_074.wav,-34.609695,-1.1289233
MVP,New_MVP_075.wav,-34.959618,-1.2794462
MVP,New_MVP_076.wav,-35.154495,-0.37538168
MVP,New_MVP_077.wav,-34.362854,-0.81800926
MVP,New_MVP_078.wav,-35.59146,-2.1013103
MVP,New_MVP_079.wav,-36.278065,-0.2930497
MVP,New_MVP_080.wav,-36.084023,-1.1273816
MVP,New_MVP_081.wav,-35.458145,-1.1695545
MVP,New_MVP_082.wav,-34.532284,-2.209777
MVP,New_MVP_083.wav,-35.738407,-1.7960168
MVP,New_MVP_084.wav,-35.023365,-1.6712041
MVP,New_MVP_085.wav,-34.980217,-2.5313382
MVP,New_MVP_086.wav,-35.12384,-1.057343
MVP,New_MVP_087.wav,-34.589893,0.32936996
MVP,New_MVP_088.wav,-35.10012,-1.2351061
MVP,New_MVP_089.wav,-35.22394,-0.89325815
MVP,New_MVP_090.wav,-34.284477,-0.3135279
MVP,New_MVP_091.wav,-35.783268,-0.076366395
MVP,New_MVP_092.wav,-34.50888,-2.4854503
MVP,New_MVP_093.wav,-34.21434,-1.7103504
MVP,New_MVP_094.wav,-34.57681,-2.1590421
MVP,New_MVP_095.wav,-34.70438,0.021913558
MVP,New_MVP_096.wav,-34.753654,-0.76745874
MVP,New_MVP_097.wav,-34.124996,-1.3956411
MVP,New_MVP_098.wav,5.836504,3.2281032
MVP,New_MVP_099.wav,5.6210117,3.6605434
MVP,New_MVP_100.wav,5.881981,3.8912694
MVP,New_MVP_101.wav,6.3266745,3.7537796
MVP,New_MVP_102.wav,6.256442,3.839
MVP,New_MVP_103.wav,6.586512,3.8228257
MVP,New_MVP_104.wav,-5.0743103,-4.09274
MVP,New_MVP_105.wav,-5.9970593,-4.0654836
MVP,New_MVP_106.wav,-5.9363556,-4.131557
MVP,New_MVP_107.wav,-5.8022833,-4.1593347
MVP,New_MVP_108.wav,-5.669127,-4.2214866
MVP,New_MVP_109.wav,-4.995661,-5.5396013
MVP,New_MVP_110.wav,-5.02001,-5.535931
MVP,New_MVP_111.wav,-5.67637,-10.358002
MVP,New_MVP_112.wav,-4.676881,-10.283174
MVP,New_MVP_113.wav,-5.6011753,-9.927368
MVP,New_MVP_114.wav,-4.999769,-10.042315
MVP,New_MVP_115.wav,-4.6806774,-9.983061
MVP,New_MVP_116.wav,-5.103081,-9.713493
MVP,New_MVP_117.wav,-4.564765,-9.976372
MVP,New_MVP_118.wav,-4.865295,-9.519912
MVP,New_MVP_119.wav,-5.2304144,-9.717502
MVP,New_MVP_120.wav,-4.8351264,-9.721578
MVP,New_MVP_121.wav,-5.441808,-9.803286
MVP,New_MVP_122.wav,-4.8468633,-10.362229
MVP,New_MVP_123.wav,-21.39817,-46.27963
MVP,New_MVP_124.wav,-21.137707,-46.154274
MVP,New_MVP_125.wav,-20.309187,-44.954933
MVP,New_MVP_126.wav,-19.637081,-44.4743
MVP,New_MVP_127.wav,-17.130915,-43.205906
MVP,New_MVP_128.wav,-17.340555,-41.57499
MVP,New_MVP_129.wav,-17.702414,-41.956615
MVP,New_MVP_130.wav,-18.699297,-43.297787
MVP,New_MVP_131.wav,-21.73238,-45.875603
MVP,New_MVP_132.wav,-21.18302,-45.151016
MVP,New_MVP_133.wav,-20.1642,-44.300026
MVP,New_MVP_134.wav,-19.665604,-43.86015
MVP,New_MVP_135.wav,-16.817919,-42.47143
MVP,New_MVP_136.wav,-17.328056,-42.26596
MVP,New_MVP_137.wav,-18.108538,-42.60405
MVP,New_MVP_138.wav,-20.407778,-45.835743
MVP,New_MVP_139.wav,-20.980814,-46.07541
MVP,New_MVP_140.wav,-20.644367,-45.386185
MVP,New_MVP_141.wav,-19.667458,-44.62827
MVP,New_MVP_142.wav,-18.17497,-43.256657
MVP,New_MVP_143.wav,-17.098522,-42.068447
MVP,New_MVP_144.wav,-17.82841,-41.91474
MVP,New_MVP_145.wav,-18.902733,-43.69446
MVP,New_MVP_146.wav,-21.779526,-46.074574
MVP,New_MVP_147.wav,-21.147005,-45.37701
MVP,New_MVP_148.wav,-20.41348,-44.967075
MVP,New_MVP_149.wav,-19.68495,-44.489674
MVP,New_MVP_150.wav,-17.24498,-42.871723
MVP,New_MVP_151.wav,-17.294638,-41.953056
MVP,New_MVP_152.wav,-17.885181,-42.23403
MVP,New_MVP_153.wav,-19.641804,-45.115334
MVP,New_MVP_154.wav,-21.554317,-46.2818
MVP,New_MVP_155.wav,-20.945992,-45.406696
MVP,New_MVP_156.wav,-20.137646,-44.422516
MVP,New_MVP_157.wav,-18.287321,-43.574394
MVP,New_MVP_158.wav,-16.827396,-42.404564
MVP,New_MVP_159.wav,-17.772728,-42.22034
MVP,New_MVP_160.wav,-17.851736,-42.821075
MVP,New_MVP_161.wav,-21.651073,-46.25815
MVP,New_MVP_162.wav,-21.041939,-45.99558
MVP,New_MVP_163.wav,-20.50393,-44.706963
MVP,New_MVP_164.wav,-19.72086,-44.66794
MVP,New_MVP_165.wav,-17.34255,-42.94698
MVP,New_MVP_166.wav,-17.4973,-42.30503
MVP,New_MVP_167.wav,-17.984806,-42.073807
MVP,New_MVP_168.wav,-18.951725,-43.753757
MVP,New_MVP_169.wav,-21.74738,-45.82896
MVP,New_MVP_170.wav,-21.161333,-45.367466
MVP,New_MVP_171.wav,-19.92297,-43.969093
MVP,New_MVP_172.wav,-19.831303,-44.3279
MVP,New_MVP_173.wav,-16.67774,-42.470833
MVP,New_MVP_174.wav,-17.230513,-41.894794
MVP,New_MVP_175.wav,-5.8637953,-10.069389
MVP,New_MVP_176.wav,-4.8013306,-10.176068
MVP,New_MVP_177.wav,-5.25674,-7.7309084
MVP,New_MVP_178.wav,-5.2670107,-7.7440295
MVP,New_MVP_179.wav,-5.702351,-7.468996
MVP,New_MVP_180.wav,-5.736491,-7.46088
MVP,New_MVP_181.wav,-5.6104016,-7.4534216
MVP,New_MVP_182.wav,-5.8119955,-7.4580398
MVP,New_MVP_183.wav,-5.742791,-7.4521914
MVP,New_MVP_184.wav,-5.96125,-7.4953933
MVP,New_MVP_185.wav,-5.841776,-10.257491
MVP,New_MVP_186.wav,-5.433,-9.99751
MVP,New_MVP_187.wav,-5.223217,-10.387905
MVP,New_MVP_188.wav,-5.3472853,-10.356365
MVP,New_MVP_189.wav,-5.5595336,-10.701373
MVP,New_MVP_190.wav,-5.2180986,-10.815464
MVP,New_MVP_191.wav,5.818092,3.7006466
MVP,New_MVP_192.wav,5.659726,3.9539776
MVP,New_MVP_193.wav,6.1606364,3.5555882
MVP,New_MVP_194.wav,6.159241,3.810637
MVP,New_MVP_195.wav,6.6050496,3.7986858
MVP,New_MVP_196.wav,6.8663154,3.8771982
MVP,New_MVP_197.wav,-19.907413,-40.975212
MVP,New_MVP_198.wav,-19.912271,-40.999825
MVP,New_MVP_199.wav,-4.326779,-6.4289417
MVP,New_MVP_200.wav,-4.281056,-6.4480686
N,New_N_001.wav,20.244106,-13.354941
N,New_N_002.wav,20.95578,-8.56231
N,New_N_003.wav,20.573406,-12.037885
N,New_N_004.wav,21.865665,-11.98981
N,New_N_005.wav,18.010132,-12.42113
N,New_N_006.wav,20.02783,-11.609916
N,New_N_007.wav,19.962507,-9.263749
N,New_N_008.wav,19.461735,-10.648955
N,New_N_009.wav,19.302673,-13.095883
N,New_N_010.wav,16.780697,-12.099341
N,New_N_011.wav,18.792248,-9.687195
N,New_N_012.wav,19.60639,-8.572785
N,New_N_013.wav,18.74616,-13.497323
N,New_N_014.wav,20.77387,-9.022516
N,New_N_015.wav,20.952335,-9.896977
N,New_N_016.wav,19.030754,-10.741234
N,New_N_017.wav,21.560253,-11.277765
N,New_N_018.wav,20.557491,-11.230418
N,New_N_019.wav,19.855818,-7.875324
N,New_N_020.wav,17.08968,-10.953367
N,New_N_021.wav,20.191414,-10.384876
N,New_N_022.wav,19.37083,-12.432972
N,New_N_023.wav,17.906576,-12.13935
N,New_N_024.wav,21.083612,-10.552165
N,New_N_025.wav,17.905472,-7.690885
N,New_N_026.wav,20.856155,-13.726601
N,New_N_027.wav,19.031181,-11.74014
N,New_N_028.wav,21.386215,-12.316695
N,New_N_029.wav,18.34501,-8.186773
N,New_N_030.wav,19.132399,-8.817828
N,New_N_031.wav,19.749565,-11.008858
N,New_N_032.wav,19.810575,-11.905844
N,New_N_033.wav,18.271845,-9.575049
N,New_N_034.wav,17.646133,-9.6878
N,New_N_035.wav,19.833569,-12.42464
N,New_N_036.wav,18.558945,-11.568836
N,New_N_037.wav,-14.230553,20.16954
N,New_N_038.wav,-14.23446,20.173473
N,New_N_039.wav,-14.236061,20.174992
N,New_N_040.wav,-14.24117,20.176468
N,New_N_041.wav,31.449291,17.96294
N,New_N_042.wav,32.8775,14.990443
N,New_N_043.wav,34.487175,15.159014
N,New_N_044.wav,30.654297,17.194258
N,New_N_045.wav,31.166294,17.580181
N,New_N_046.wav,30.181356,15.940198
N,New_N_047.wav,32.084908,15.237071
N,New_N_048.wav,31.950361,15.58604
N,New_N_049.wav,33.212708,14.204434
N,New_N_050.wav,32.635094,16.116674
N,New_N_051.wav,31.299778,14.183656
N,New_N_052.wav,32.950092,14.446322
N,New_N_053.wav,32.170666,14.280667
N,New_N_054.wav,33.962456,17.46386
N,New_N_055.wav,33.358116,15.904173
N,New_N_056.wav,30.570375,16.36967
N,New_N_057.wav,33.99458,15.596858
N,New_N_058.wav,32.835728,16.04261
N,New_N_059.wav,33.114765,16.570292
N,New_N_060.wav,32.85503,17.325508
N,New_N_061.wav,34.26316,16.677689
N,New_N_062.wav,30.559668,16.299704
N,New_N_063.wav,31.00797,16.50968
N,New_N_064.wav,32.03067,13.89403
N,New_N_065.wav,32.890827,13.41616
N,New_N_066.wav,31.275345,15.054071
N,New_N_067.wav,33.132694,13.449876
N,New_N_068.wav,32.090004,15.345833
N,New_N_069.wav,35.313244,-1.4743326
N,New_N_070.wav,34.44155,-1.0934962
N,New_N_071.wav,36.35576,-0.80526316
N,New_N_072.wav,36.006977,-1.8853228
N,New_N_073.wav,36.089695,-0.5532798
N,New_N_074.wav,35.870327,-0.0727863
N,New_N_075.wav,36.418766,-1.438972
N,New_N_076.wav,36.084824,-1.8755921
N,New_N_077.wav,36.10765,-0.6459293
N,New_N_078.wav,35.77957,-1.0672498
N,New_N_079.wav,35.062088,-0.34321347
N,New_N_080.wav,36.581455,-0.11522125
N,New_N_081.wav,36.794495,-1.3861063
N,New_N_082.wav,36.34066,-0.6962618
N,New_N_083.wav,36.715473,-2.0642047
N,New_N_084.wav,35.933292,-1.4153438
N,New_N_085.wav,36.572117,-0.4798537
N,New_N_086.wav,37.003998,-2.0115883
N,New_N_087.wav,36.71639,-0.3799019
N,New_N_088.wav,36.346073,-0.061689496
N,New_N_089.wav,35.85751,-1.637307
N,New_N_090.wav,35.4388,-1.5092292
N,New_N_091.wav,36.956745,-1.1384625
N,New_N_092.wav,36.397156,-1.2551892
N,New_N_093.wav,36.81683,-1.3059392
N,New_N_094.wav,36.998592,-0.8531074
N,New_N_095.wav,36.033672,0.14985499
N,New_N_096.wav,36.599915,-1.4624274
N,New_N_097.wav,35.081005,-0.92249715
N,New_N_098.wav,35.559303,-0.035134695
N,New_N_099.wav,31.881367,16.246187
N,New_N_100.wav,33.977238,16.57567
N,New_N_101.wav,32.77034,14.698616
N,New_N_102.wav,32.512665,14.127796
N,New_N_103.wav,30.040363,15.032789
N,New_N_104.wav,30.938911,15.174348
N,New_N_105.wav,33.016037,17.58706
N,New_N_106.wav,32.500168,16.77361
N,New_N_107.wav,31.64385,14.097539
N,New_N_108.wav,32.559162,16.045712
N,New_N_109.wav,33.563816,14.876162
N,New_N_110.wav,33.21196,14.317794
N,New_N_111.wav,30.171791,15.760913
N,New_N_112.wav,32.555798,15.980747
N,New_N_113.wav,30.907486,16.163666
N,New_N_114.wav,31.68832,16.196928
N,New_N_115.wav,31.509201,17.375458
N,New_N_116.wav,33.93617,15.011955
N,New_N_117.wav,33.73105,13.994424
N,New_N_118.wav,33.401,13.606695
N,New_N_119.wav,31.496264,13.930995
N,New_N_120.wav,30.30048,16.39504
N,New_N_121.wav,31.569662,17.332441
N,New_N_122.wav,32.032093,16.251251
N,New_N_123.wav,33.451378,15.773773
N,New_N_124.wav,32.572838,13.675659
N,New_N_125.wav,32.30806,17.631046
N,New_N_126.wav,-25.226414,-19.922945
N,New_N_127.wav,-24.66881,-20.084242
N,New_N_128.wav,-24.899511,-21.312782
N,New_N_129.wav,-24.880648,-20.40852
N,New_N_130.wav,-25.534756,-20.174107
N,New_N_131.wav,-25.504559,-20.160486
N,New_N_132.wav,-24.976046,-19.696232
N,New_N_133.wav,-23.670143,-19.382343
N,New_N_134.wav,-26.031357,-20.026175
N,New_N_135.wav,-24.203062,-19.633223
N,New_N_136.wav,-24.291273,-20.445995
N,New_N_137.wav,-24.228363,-20.508892
N,New_N_138.wav,-25.61145,-19.610485
N,New_N_139.wav,-25.407919,-19.254765
N,New_N_140.wav,-24.507494,-19.279676
N,New_N_141.wav,-25.345743,-20.30725
N,New_N_142.wav,-23.798716,-19.820889
N,New_N_143.wav,-25.43477,-20.551746
N,New_N_144.wav,-24.097101,-20.3751
N,New_N_145.wav,-24.536507,-20.835154
N,New_N_146.wav,-25.246767,-20.772327
N,New_N_147.wav,-26.35877,-20.094067
N,New_N_148.wav,-23.964422,-19.028503
N,New_N_149.wav,-25.357656,-20.582737
N,New_N_150.wav,-24.38809,-19.05791
N,New_N_151.wav,-24.614836,-19.033094
N,New_N_152.wav,-25.036167,-19.595253
N,New_N_153.wav,-26.458006,-19.73049
N,New_N_154.wav,-25.645191,-19.558895
N,New_N_155.wav,-24.222862,-19.834064
N,New_N_156.wav,-24.815025,-20.91016
N,New_N_157.wav,-24.787016,-19.994
N,New_N_158.wav,22.013517,-12.996959
N,New_N_159.wav,21.929516,-12.660676
N,New_N_160.wav,20.478115,-12.675257
N,New_N_161.wav,20.737139,-8.857048
N,New_N_162.wav,18.904264,-12.5829315
N,New_N_163.wav,18.725681,-12.967153
N,New_N_164.wav,20.032904,-7.7489834
N,New_N_165.wav,18.820698,-9.921968
N,New_N_166.wav,18.064163,-7.848007
N,New_N_167.wav,19.317606,-9.217304
N,New_N_168.wav,18.643553,-7.3341904
N,New_N_169.wav,19.775185,-8.456995
N,New_N_170.wav,17.62631,-10.781011
N,New_N_171.wav,21.82269,-10.220906
N,New_N_172.wav,20.588882,-14.136724
N,New_N_173.wav,20.248543,-8.297812
N,New_N_174.wav,18.004591,-10.076471
N,New_N_175.wav,17.680225,-11.393319
N,New_N_176.wav,17.878378,-11.213884
N,New_N_177.wav,18.21637,-12.309877
N,New_N_178.wav,21.326841,-11.334765
N,New_N_179.wav,17.430012,-11.705248
N,New_N_180.wav,19.77322,-9.70819
N,New_N_181.wav,19.388708,-10.387688
N,New_N_182.wav,19.743448,-9.558734
N,New_N_183.wav,18.564608,-11.066613
N,New_N_184.wav,17.697187,-10.937947
N,New_N_185.wav,18.402483,-10.500318
N,New_N_186.wav,19.202782,-8.796211
N,New_N_187.wav,21.164001,-11.955418
N,New_N_188.wav,21.221212,-8.964594
N,New_N_189.wav,20.658792,-10.060432
N,New_N_190.wav,21.842115,-10.568711
N,New_N_191.wav,22.18825,-9.2976055
N,New_N_192.wav,20.329245,-12.345153
N,New_N_193.wav,20.717812,-10.674797
N,New_N_194.wav,-21.200607,-8.38386
N,New_N_195.wav,-21.185932,-8.356449
N,New_N_196.wav,-21.184343,-8.376143
N,New_N_197.wav,-21.18659,-8.402735
N,New_N_198.wav,-21.183607,-8.4006
N,New_N_199.wav,-21.188707,-8.37599
N,New_N_200.wav,-21.187271,-8.375943
